{
    "model": "Simulated ML Model (Pure Python)",
    "test_samples": 500,
    "trained_model_metrics": {
        "confusion_matrix": {
            "TP": 136,
            "TN": 348,
            "FP": 12,
            "FN": 4
        },
        "accuracy": 0.968,
        "precision": 0.918918918918919,
        "recall": 0.9714285714285714,
        "f1_score": 0.9444444444444445
    },
    "heuristic_baseline_metrics": {
        "confusion_matrix": {
            "TP": 134,
            "TN": 360,
            "FP": 0,
            "FN": 6
        },
        "accuracy": 0.988,
        "precision": 1.0,
        "recall": 0.9571428571428572,
        "f1_score": 0.9781021897810218
    }
}