{
    "model": "Simulated ML Model (Pure Python)",
    "test_samples": 500,
    "trained_model_metrics": {
        "confusion_matrix": {
            "TP": 70,
            "TN": 417,
            "FP": 6,
            "FN": 7
        },
        "accuracy": 0.974,
        "precision": 0.9210526315789473,
        "recall": 0.9090909090909091,
        "f1_score": 0.915032679738562
    },
    "heuristic_baseline_metrics": {
        "confusion_matrix": {
            "TP": 64,
            "TN": 423,
            "FP": 0,
            "FN": 13
        },
        "accuracy": 0.974,
        "precision": 1.0,
        "recall": 0.8311688311688312,
        "f1_score": 0.9078014184397163
    }
}