temp,humidity,wind,veg_moisture,fire_risk_class
18.727005942368123,67.2702994208898,64.8256954077822,0.9135780114026949,0
47.53571532049581,79.66813971913723,17.238636210516624,0.525360481819498,0
36.59969709057025,25.046789879249896,87.23945633548149,0.7249102718360844,1
29.93292420985183,62.48740996069989,61.311623906924154,0.4360482979725878,0
7.800932022121826,57.17459831437487,15.720388355695425,0.6300345775424382,0
7.799726016810133,83.28303767882711,96.23380574812069,0.3405759374211187,0
2.9041806084099733,90.60870604812605,51.83654633353206,0.30115901978544535,0
43.308807288746756,1.2156771477386807,7.289845187165501,0.5782297861695137,1
30.05575058716044,67.40199190587927,62.68329044150672,0.49812967418398035,0
35.40362888980228,5.1835799119729025,25.31989070128102,0.5795363691499811,1
1.0292247147901223,54.88586650773559,80.36934518773025,0.286660581287023,0
48.49549260809972,28.76327290436782,81.78220735661907,0.36695783181699526,1
41.622132040021086,,97.89473558546618,0.08389796062890931,1
10.616955533913808,35.29585034523566,50.186953102450374,0.05227637227220572,0
9.091248360355031,62.12924490496101,45.495687972773716,0.25345712967301626,0
9.17022549267169,33.40499656687692,75.34756054464806,0.07424685933054576,0
15.212112147976885,73.26990505902803,13.247065634192657,0.1037747086347407,0
26.237821581611893,40.45273855738697,54.69155137931242,0.8129284053939371,0
21.597250932105787,6.835320030995861,54.624760013085094,0.0388736970166893,1
14.561457009902096,78.37598424841073,8.947312281038721,0.6589427939347428,0
30.592644736118974,28.5758324592706,41.798408550691356,0.2725577488154005,1
6.974693032602092,43.276687959926264,85.3284798567202,0.8715456807081264,0
14.607232426760907,68.54438832219016,85.61536219946603,0.48499228457749954,0
18.318092164684586,33.2456157148712,9.9237664919681,0.30557645932782573,0
22.803499210851797,5.658565614671563,9.072088274783086,0.5176389356894345,0
39.25879806965068,37.39210470128136,26.26954770019353,0.3819580190452688,0
9.983689107917987,94.44485826943034,87.47660625539935,0.5643010646698302,0
25.71172192068058,64.17343972985582,12.890258507349895,0.11453286832634824,0
29.620728443102124,67.1479148667207,71.99968026274462,0.9969905028125511,0
2.3225206359998865,63.22821536376399,10.116561961310321,0.42555587769671754,0
30.37724259507192,19.899213895943678,62.31378537478254,0.34823063970736867,1
8.526206184364577,41.833386410228016,35.60672991191448,0.7102098483162649,0
3.252579649263976,75.09397983633183,78.8913962965867,0.3638994064953325,0
47.44427686266666,10.137289755315916,23.36904488253636,0.8332743050287577,1
48.28160165372797,27.785277608971228,63.920182938995985,0.45427072436042526,1
40.419867405823055,27.631910846585363,23.568253457588494,0.7195584132654349,1
15.230688458668535,,71.36602831121537,0.10745321644188655,1
4.883605700319194,98.0368740942185,87.36780345607488,0.8461191855551118,0
34.211651325607846,,12.680179912676003,0.7357179867781098,0
22.007624686980066,51.870099438059505,86.65956885955035,0.21171677846196568,1
6.101911742238942,17.936468201221047,59.35752544142979,0.14528600974578665,0
24.75884550556351,97.06765454097442,12.711049086702397,0.3162923487256244,0
1.7194260557609198,11.33035047274642,42.7541855359712,0.9760705860319043,0
45.4660201039391,40.36010023615913,16.08602934850979,0.25683157456705863,1
12.938999080000846,73.78849848346061,70.03478888665695,0.4561272089466333,0
33.1261142176991,70.45544280274453,75.88681344179497,0.030020225717336313,1
15.585553804470548,42.272863689393226,10.579652027279895,0.39722752956623253,0
26.00340105889054,34.652416795271826,50.613985269464436,0.5713200154331027,0
27.335513967163983,39.76123785528706,81.46250560259172,0.9531246125079651,0
9.242722776276352,26.42762631586393,93.61630415509966,0.5167360449400644,0
48.47923138822793,20.53329387067998,51.351786674177,0.8191073261776878,1
38.75664116805573,48.303969755889,95.02792236114071,0.5471276425689006,1
46.97494707820945,26.853375606760732,53.56889704560298,0.0407850134355181,1
44.74136752138244,28.746166489725013,39.419049459990795,0.31500827518977403,1
29.894998940554256,65.67560634745571,84.82031285528954,0.5755495078311033,0
46.093711751155844,96.85373316998923,49.2982710458089,0.9505939659311243,0
4.424625102595975,60.363720055937506,47.190251056452304,0.8591303597512333,0
9.79914312095726,7.697946706496628,49.03124894098283,0.22835561417884764,0
2.2613644455269033,7.558361385406698,84.67850018697453,0.2201098300191635,1
16.266516538163216,95.1423220845566,83.19415416880521,0.20117296711390076,0
19.4338644844741,29.729079030733363,40.35199924402112,0.9224988963025031,0
13.567451588694796,9.206698608247542,33.3299859870525,0.8526661531017207,0
41.436875457596464,59.90445871503815,49.19280240391293,0.7748834322529488,0
17.837666334679465,62.36487782902661,57.277250973710906,0.3927351142242276,0
14.046725484369038,64.85048201186882,23.833721062799697,0.5043807042987668,0
27.134804157912424,26.74020278575413,79.39550847155907,0.4643317447951528,1
7.046211248738132,1.5110684214475034,48.648276573242285,0.25339810755937264,0
40.109849037701984,96.50153694544719,33.40455484199596,0.505028046148767,0
3.727532183988541,25.089304569110247,10.68209929639906,0.030496547852754463,0
49.34434683002586,67.60262880525475,23.884516040360694,0.13181037349745917,1
38.61223846483287,70.66298698787095,94.92811717559837,0.8865895961689464,0
9.93578407670862,,30.50996868195266,0.7516797670314233,0
0.27610585618011996,31.290739421364822,16.885928936703532,0.42286840905908707,0
40.77307142274171,27.109625376406576,46.06727916549932,0.5171503622838772,1
35.34286719238086,59.76682827027031,30.70877433602487,0.36999888595997743,0
36.45035840204937,86.60956336116915,3.5159250271194153,0.7407798671606725,0
38.56351733429729,94.67337289233956,32.314521727941724,0.7841871792320796,0
3.7022325867045183,10.590580440375764,54.41086239394686,0.7632851902031591,0
17.92328642721363,15.482861259771985,55.17123720199669,0.7226117248344496,0
5.793452976256486,94.47362587830797,35.65589211768887,0.20450433869279583,0
43.155171293779674,73.65352283347926,44.73027562526006,0.3379699792404788,0
31.164906341377897,88.29938248297731,96.55179182347663,0.4698454349836749,0
16.54490124263246,20.263263413534315,37.73484772303116,0.3307929914276556,0
3.177917514301182,58.758587110940184,25.822681325998296,0.754940200158329,0
15.54911608578311,70.11395944174737,24.34670440667601,0.3293535242499547,0
16.259166101337353,68.01118854469726,45.776461270413414,0.13823208678533716,0
36.480308916903205,40.81516908666981,75.9520148716944,0.3990404520483041,1
31.877873567760656,1.5394891691308477,20.59881841884732,0.9799144327823803,0
44.36063712881633,58.29260568042631,70.92961271407681,0.2258814129335759,1
23.610746258097464,25.310153917960875,2.1149823349416286,0.6121586589432291,0
5.9797122969150855,45.02542461428904,41.8932977983946,0.4329730498397063,0
35.66223936114975,95.75810150838173,77.58650652027869,0.07102456764932663,1
38.03925243084487,39.903531764243475,33.873295577443145,0.4878766059980595,0
28.063859878474812,,56.37371014453995,0.7021643286483125,0
38.54835899772805,18.854060574925114,20.49792328259108,0.5132199758278188,1
24.689779818219538,67.24604980250288,74.19953911261723,0.8721060637465811,0
26.136641469099704,97.70069544389435,5.227910326875962,0.28893701665758265,0
21.37705091792748,10.189310087293679,85.25426448755003,0.08624917130396492,1
1.2709563372047594,0.8319942227192012,19.819638642166815,0.9365656116580061,0
5.394571349665222,43.35827926326144,87.43980317083307,0.378196349528219,0
1.5714592843367126,9.26254830513672,35.25292413005173,0.5764055514536334,0
31.82052056318902,74.83843496762313,72.26835744744866,0.792003126130196,0
15.717799053816334,91.45486638485589,31.922529778618845,0.3243136638755806,0
25.42853455823514,43.402097270875885,90.59116712346476,0.7161645381776112,0
45.37832369630465,,12.663712551837436,0.13541884981782804,1
12.464611457443747,43.44033190066098,17.85197892725987,0.29129374720550527,0
20.519146151781488,72.3447817850001,49.303012515880226,0.1447106361365199,0
37.77755692715243,0.9054161580370979,8.193843903814614,0.8112305584013578,0
11.439908274581123,58.945398948469716,19.598018470176193,0.22264923522678537,0
3.8489954914396494,61.329168488737906,94.37663822120143,0.7174035554052103,0
14.4875726456884,63.76882468959355,97.64896611478872,0.9432983972456526,0
8.061064362700222,24.202207998087722,37.62593293304219,0.527772209068877,0
46.484882617128655,71.40527233781268,92.32860210139357,0.5400291922606877,1
40.40601897822085,9.13914863317764,54.48246756734317,0.46103356809781204,1
31.67018782552117,19.92703364668008,26.974246587376705,0.32589014339364275,1
43.57302950938588,87.74700466544819,70.23987210805987,0.4756550309249171,1
40.18360384495573,73.87231507265663,65.89018065748571,0.6028075322667594,1
9.328502944301793,1.3745554011345251,98.91253191087334,0.9859915721706594,0
44.627949924498886,,26.50472874092833,0.9377645593182242,0
26.967112095782536,21.440648299316457,67.20595026617355,0.8621529582931218,0
40.372007758203125,27.080632803697256,5.202375502944689,0.8891305357048583,0
44.80456499617466,24.755977027988642,11.36460386967194,0.46784918329204295,1
15.900173748593193,6.252629574284574,0.3918374951093262,0.6574443271774648,0
5.502596226383838,45.894051659682034,99.94606810596731,0.8950667229362141,0
11.396758127097083,73.27334747861651,80.22736971474778,0.39295076499135306,0
21.355389431312815,60.67317247174364,78.67230147335408,0.9617624783454688,0
40.90073829612466,67.28716685980798,50.97260752881797,0.415786062069183,0
43.036529162817175,8.114917853623915,30.006708290543994,0.6010826653932156,1
0.34760652655953517,95.14907101767872,15.126428446267592,0.7098047132723719,0
25.537365128878285,83.84918338430248,28.467473884646367,0.9505920130759383,0
20.87055015743895,80.50903184956627,37.597122192913915,0.24461627405226605,0
11.105390523536512,82.29838050417675,75.6310096980294,0.7461309782386423,0
5.99326836668414,93.27105081327613,53.96617889031524,0.5208155861440822,0
16.8807585701814,54.42539661136977,7.748362655548268,0.26855714062064107,0
47.14548519562596,20.02820178676259,1.802900895891224,0.7766068397963906,0
16.160146601037763,61.678360785254114,10.233217953406315,0.5522222801738466,0
25.939531087168305,74.2881493667939,41.049871369737936,0.6609738206496758,0
35.15094794475889,73.79173933540254,93.31929170490183,0.322901068577901,1
18.1814801189647,52.14490241668801,63.74024812092216,0.481273951827605,0
48.589104136048036,6.845871933357806,80.18258998755151,0.6173542509880671,1
48.122364747105564,37.11129384301278,46.637459450454855,0.404910814269844,1
12.589114791268209,,36.16660831950428,0.1983725398477013,0
24.86242529461927,58.4448909757426,10.840037271662272,0.961640492315304,0
15.043915490838483,53.83319432557134,87.5933022186205,0.5114675400426174,0
14.242024718873381,26.885351438219352,78.31600290279029,0.7339203702877005,0
1.8443473677266398,36.84489199165789,16.811809759772512,0.4110471935560581,0
30.478216698994842,89.53460891531692,51.22605638762605,0.35513176402571633,0
25.133951161443076,,48.73748079212449,0.407164298467125,0
2.5739375624994674,78.73870267523328,62.50915526865286,0.4091966437856498,0
13.932323211830571,45.434542306765515,94.61868939912613,0.5441801159419536,0
45.41329429833269,63.024721945615795,57.97714417624796,0.5434698699813632,1
11.97809453334862,,54.02172667786186,0.49715381588287166,0
7.244743604561155,70.54608302834863,5.032293293466394,0.1347857849174381,0
24.47263801387815,42.76013337033373,6.290747601802393,0.49607547850053113,0
49.282522705530035,44.25455148147456,18.734679132678888,0.1691039004206515,1
12.10276357557502,64.93223245768817,3.247077169174828,0.12613578629576516,0
33.606777370293926,,74.33528955700123,0.9326457173411677,0
38.08098076643588,6.400634660862092,72.3330303993963,0.6049500131477042,1
11.881877199619984,82.47432373470076,13.605623443164294,0.6594900581245843,0
36.41081743059298,29.238311041219312,83.60789007952809,0.4017936703333638,1
18.38915663596266,44.391945450637785,15.478603484611197,0.9089808919148642,0
31.615291529678974,2.1913328775008956,30.11755869973588,0.6379304895796655,1
31.676485538044734,30.1046077834313,24.8976899161365,0.7691698695235875,0
26.788734203737924,,37.23070985730478,0.36856246902771383,1
4.514488502720415,5.617607734743901,25.466376588996187,0.9600118808191255,0
41.7651247794619,49.10957293831652,48.8950926438452,0.820461290158315,0
16.03900324858679,92.71106288584274,40.74078813546854,0.8539484630145436,0
9.325925519992712,10.539321810780521,98.65694907793265,0.17219426742575428,1
2.038757077738196,76.44407280755044,5.592635012822567,0.2709632078712195,0
29.54464715941209,40.967105337599264,14.218137638735161,0.28562659968357706,1
33.87821809211412,65.5173714524338,5.282589390860249,0.27090922324687117,0
0.8293914463928076,26.023659798522935,62.58411949823758,0.8554081621042879,0
25.60465291496405,15.949226254135828,5.450927741371958,0.03188479520859211,1
11.324788759896897,16.046261427122644,83.64397373761233,0.0760999889807743,1
32.25863952047249,7.049194564314465,51.19386306819278,0.2739148706299037,1
8.718321450249572,18.564670490124303,52.70076245815337,0.19987297464944365,0
34.546886905123294,66.42193849889682,56.15945077121942,0.23185961388284837,1
19.33676731502687,88.16906118435081,17.081370630621073,0.7979431892533,0
46.836499436836725,81.41256855911618,19.769030311448756,0.5631265938920469,0
6.876047207299663,68.51343098744842,31.88173228730047,0.0057706612929679935,0
17.053317552512926,11.043186341110268,59.34964158218514,0.42932276570419525,1
5.673676062029454,28.918744629594983,21.011777594021453,0.40788492685035893,0
46.23468091392814,30.980687532246897,11.633172713326124,0.11394526944454353,1
43.86696766904905,24.99569463976212,97.01168864184322,0.6761417886014571,1
12.89708138575778,51.50056597097231,2.1981814809622913,0.7020971883794911,0
32.999202301708955,53.55538148796726,80.26974053360216,0.7208932190520977,0
40.86111001006079,35.68859751711102,78.8035149575022,0.728470945558592,1
27.760040579973115,35.3789158736436,29.7214113845096,5.282693229680113e-05,1
26.482528917800323,82.85555979060814,13.56266160073134,0.9539208038467222,0
12.092614545022585,78.92928483196856,14.562864670542341,0.814208767054663,0
4.655138390294961,30.779583168074566,69.74316172371925,0.9039816965892853,0
44.860787897666334,91.37884438732593,64.28065910861737,0.015643295307434135,1
45.02090285816652,95.2815017002506,78.27456742513867,0.9338587957857394,1
31.655072863663396,32.67425420300408,93.74811723991047,0.8097885286881047,0
16.951489552435035,35.442494879305485,69.1927363266592,0.8372191429586986,0
17.460478730633046,50.56341534219588,15.585153655144346,0.09328738472196851,0
36.297783943511966,94.11208125336735,24.344261676541066,0.7387780289185977,0
44.85551299762886,,84.21937308731145,0.959916689642091,1
44.354321213255865,10.25679625835898,20.93060758342086,0.6785473414181606,1
38.99377729288119,39.27307432714162,7.252231695448142,0.5705614046246065,0
32.10158230771439,55.33711897497719,70.32800540422505,0.945629677748997,0
4.206998249752441,50.313247255154,40.2526355490142,0.442937121734436,0
8.081435704730689,19.38630679368927,92.00400525459035,0.5992935663104787,0
44.927709426353964,85.88167711681547,65.02550710936616,0.4763382934943662,0
30.321452982979498,67.69407829968374,9.041897779166074,0.9328462213602992,0
0.4598525808314824,83.79083748518036,94.78565672536607,0.07608472676550726,0
5.0735771433016055,85.87642793494722,25.85572636402459,0.5011197008253482,0
33.17508845540279,74.83558536657398,33.72124904062858,0.6869524413854383,0
0.25307919231093434,,40.2260413683542,0.7919065384222369,0
8.040402570874933,61.054675501542455,5.122429640431325,0.5830186474441363,0
27.436689468329305,16.036540611974313,49.65154222306049,0.908917744121454,1
34.59475988463466,67.36454174749078,12.331849107529225,0.9419914468838717,0
32.59806297513003,17.925325573928074,40.097032668835176,0.06431922319358352,1
11.21346547302799,69.39495905101568,35.07097879920843,0.40237053954137436,0
35.6089610673768,22.959816075396866,77.28400834265034,0.02345902172115444,1
11.862454374840004,11.755130015021997,80.3170511632731,0.3294166573744429,1
16.269984907963387,16.52844901429574,15.3412882389088,0.5368682179706021,0
37.32457025590121,0.1992135219070268,36.65511873792262,0.9107949305099489,0
32.48164495236073,71.87396178535302,37.33531610318317,0.8465543224654029,0
42.4611705247089,73.24010490583791,15.141044393608505,0.12749972667198572,0
32.88064461501717,51.493334991325945,79.84535050511906,0.0930303747408957,1
28.415430166773582,,70.72283283354233,0.589267338756667,0
4.683738391404624,8.355433751068976,19.038178629703474,0.5321179724587827,0
18.385790152971676,1.912896643728701,36.6721908593799,0.26637764143002385,0
13.260118384086272,16.57481769652207,10.580502485651422,0.8994530845538352,0
12.199482168954178,89.08555349831467,62.820659709304394,0.9273664094615535,0
48.65052773762228,24.153684170168177,12.137192454861967,0.40261143834016266,1
19.65488623333802,35.42713272172156,98.59341686249178,0.8903025571135202,0
44.602327758855665,10.534548448133318,78.06820746878623,0.38394889426297263,1
31.556931299863145,22.236130474817028,39.023854958399504,0.7368168318297001,0
39.74056517708242,51.922457078020514,57.85639322793544,0.47594221754772414,1
25.131854655259605,60.775268309565256,91.13418162164088,0.12258315650718299,1
28.845194231317954,24.535231416621105,55.40992803958261,0.9279342012370215,0
24.625884690943195,5.773215922511721,17.44984863979552,0.4540965933775366,0
9.762149389902225,39.10328691273987,37.87033555811593,0.7344870403224036,0
36.12260576307526,23.420337092633414,84.31448650297455,0.36717381443129216,1
14.03861812204279,21.955392322980195,64.42130159896179,0.01888087857623466,1
1.215798321572692,95.98628027134552,65.07243843338003,0.10053035869183591,0
32.27361479535839,61.63004859257241,86.68214856884892,0.4962194794899244,0
8.855533970352447,55.68784431720959,89.39730574625047,0.6899643571263624,0
47.02292921764572,41.57751035233219,91.97925717794362,0.33473532657927907,1
47.696428850129365,42.89443334301443,9.48491932531561,0.6954884591776503,0
45.743219511022424,54.090500383808084,54.41260019631009,0.698635589431956,0
18.50793501277222,69.64298070361072,74.05095212183186,0.7039359073278308,0
0.7728308264433714,70.21460961818295,75.69268451270138,0.4925218540205084,0
46.415928129386266,17.169390770544958,60.67162019700039,0.914886150121504,1
21.409207415865716,50.0112752076627,16.678733518367416,0.4891965179806156,0
48.33274095218348,41.195809503410196,79.74205539416643,0.4502651934966382,1
48.18099885446264,87.05269662693841,72.01113335149458,0.199380819010627,1
42.650472773368,63.14189212183764,8.613577154903629,0.3076550873563365,0
14.722444603479284,53.25040664159818,46.380982467437626,0.042334492518303346,1
19.254886430096263,11.539464217891737,17.39773995218036,0.6335352936161702,0
42.556833575842845,60.56378893234115,33.74770457129719,0.24853574392709288,1
15.846100257813884,11.720390568023342,1.8081092205685434,0.3041552544854651,0
8.474637334304624,33.720657556575205,40.032986841075825,0.7708145216643212,0
27.840063122917506,14.284196481433186,54.987692115621044,0.3272211831614539,1
46.80773870803905,69.20736470243689,61.95825928270868,0.24219589201314218,1
34.80148983374865,20.62521138361526,66.34903451287101,0.16905774913370575,1
28.50305850446825,39.1859373188026,83.629131310246,0.7748584021819559,0
4.8588246885384265,89.56747776187787,21.546290727573002,0.12970625799002689,0
30.750361334958487,20.431638339897027,12.048182243846794,0.4537537602503535,0
49.50269250521316,50.780506395877914,85.15371718979256,0.5069301160771944,1
7.004200761826201,41.9271661166022,15.661281489264988,0.6873899126857146,0
25.916482618186837,1.8124041045729733,97.47600813361953,0.6332834823329955,1
43.86865359639777,79.27581135728128,84.2538229398637,0.8107206729451748,1
37.03843088771022,6.904590631459973,50.08766058895991,0.04475143392623815,1
34.8507870497634,47.42550209769536,98.14214249220252,0.2964407247793972,1
35.12420419935546,56.06782949389499,9.737672910800422,0.28013411877537975,0
17.97455756098776,62.842645661458704,30.306576117510165,0.14601690559210823,0
14.679592213224668,68.86316293078755,63.822441504061146,0.28917825385644313,0
40.46805777392568,25.327238352271507,35.00068684731787,0.3097653141429034,1
40.50566973395904,0.9978776658449373,92.83725519807918,0.5218844619274783,1
43.35361592900519,72.3443662354912,6.562608817781756,0.6637044789262561,0
45.66202762782356,53.56565993475786,54.941183206096454,0.3811005136118141,1
25.56711994304689,83.61177032072487,59.08662673951145,0.7194702313133812,0
25.07581473435998,82.13883629006943,65.27281237772242,0.33616533857958,0
39.91475894833876,84.33261677878832,25.566622333181442,0.29028367731476035,0
32.49819653888826,48.50946599795402,36.45664275198644,0.5411880558570243,0
35.098343862885166,33.362839583686565,84.36805296649777,0.023716360305790607,1
39.789633471805054,,19.494276897015983,0.07978912363400037,1
44.50026709087832,45.12941130292549,82.68678471733621,0.41796954358652705,1
16.89975784257679,18.34421964034345,56.26554229027424,0.9429127113917565,0
18.7791476319972,85.49740195614743,76.21875111940821,0.7215117798434236,0
4.69909699204345,88.25598767723473,71.36073662634715,0.08812656950055775,0
28.9140070498087,46.63097561401701,20.7511495384879,0.8463180127808737,0
1.7971136898371043,7.569972730978747,56.88127364338729,0.732300770608181,0
23.27990090662301,38.782608991693124,86.77231528050923,0.6109465257026532,0
27.13223173537883,80.35376594626034,43.211623680192936,0.8202929606091773,0
14.32706260641422,90.17740285462287,96.65907702233167,0.4041098477429571,0
29.541663028450536,20.347274249759582,45.221510010171805,0.22150105085385274,1
1.5250124969524714,6.697361202527152,14.278563666788468,0.5120233891087593,0
1.8674094374607209,87.73504531328386,38.94346800776732,0.5488417555934738,0
41.13002803298291,38.94049389788753,95.17024063905372,0.5383263720099121,1
18.009532070563143,54.176096426756324,31.97208493398542,0.5650737914801053,0
6.353025632594239,96.80658120507589,86.80981598670628,0.9487049182391808,0
26.112163002740218,6.656472791422285,88.12506816818897,0.9022456230962314,1
38.499677654930544,64.83180074520956,35.01865243319611,0.8757170365589394,0
10.791051374842159,7.410542257486707,8.325765805063213,0.8014168109086272,0
31.144523790950014,,72.45579091588182,0.9434281072652854,0
4.2673732496884,80.38145451934467,31.1512299013986,0.09849464167940325,0
2.584086058430385,43.34722327556344,78.29236142575724,0.2651232614457395,0
26.5677315784074,99.71823539029504,44.26548482604331,0.4950559456545849,0
27.031756080505325,55.905928494660216,48.52667423426216,0.8465344931234052,0
31.871495074910328,32.11621526359535,77.79094067485369,0.5051657115227325,1
36.30456668613308,22.011132590475313,38.23633310616279,0.7480347393415887,0
48.79260397312673,35.05205342861618,44.31273453229145,0.13895990524891622,1
25.815017415059767,37.25332737595508,37.619046876962216,0.2524138129765602,0
16.1478236470623,6.8713677723960975,36.734051527728,0.7317760950376724,0
39.759309738435185,36.95741994267732,52.594657690145944,0.16473400888772405,1
13.541612563103712,,80.87994445011508,0.35135593465492676,0
21.948571035281805,72.27377522388046,36.176831192256586,0.2648662578135714,0
3.9228190671132976,65.6729484721608,52.42547205377367,0.3498616942224785,0
1.2675371707728755,70.87656552291543,67.07273254426008,0.7083240490779703,0
48.132420733896254,0.8363681876857099,26.9439446303655,0.367847181142801,1
41.79900602561029,21.766739958053606,27.752280490239258,0.5552633226079402,1
34.798710304684896,66.16842883998565,93.34131270234548,0.09993187705440965,1
20.447647220713495,48.398936817974715,72.35345733310886,0.8050176932346278,0
8.664716003542289,0.5313475668345946,57.71866762233089,0.36988862564812486,0
7.8218521335543025,80.44946424318223,64.7720054420612,0.6485341590333424,0
12.512144908229766,77.28095732903374,2.9299443103418366,0.7253896016618326,0
27.461333235306025,54.841916299356264,61.81029655616969,0.2096609221117004,1
35.72979613500312,6.646332577627212,50.95088732242019,0.88467498495335,0
33.009868835886564,76.65150495325847,54.574967977943565,0.6162242516069529,0
13.996694847297142,58.37135877313639,35.94238268308171,0.42872514175148146,0
47.743264033159704,78.19599771579591,8.14738977129419,0.18233518357821954,1
36.89484583478843,75.17469923958404,19.33392336120522,0.9423009379012067,0
27.717702625570034,80.30020719578371,95.07447132126717,0.7550682041316251,0
30.58603731171761,51.80080664046248,40.8699562270934,0.20802456273324887,0
20.980003121389494,14.032451819351499,46.66831558308642,0.3377107747242245,0
12.386549475057873,67.11574733796887,5.270978985343899,0.8096742580880733,0
17.798633932563078,62.04737850519706,3.756622954398059,0.695677663215339,0
37.892305523218454,74.22531871990871,71.71814470467577,0.7657842927157243,0
0.7196744314877934,16.98810060507353,53.80946641211113,0.4412011022129324,0
5.803632025345812,19.497519990028923,50.87059842162667,0.7164762626421669,0
2.3001321010876374,89.04095172193284,24.312453042266867,0.3864937228639137,0
2.0364401159485066,74.99777984520708,74.47507316299222,0.21126291693819643,0
42.77302920055036,90.82284887003229,16.82365791084919,0.63267703484136,0
35.18289296900118,75.87153211639207,18.993474366102003,0.9760139255987942,0
23.70869145436626,,46.07121713482755,0.3106009713953296,0
4.891708032550074,65.41327370278736,28.62798621119409,0.46096959221253964,0
24.58079375584162,88.91279239400099,24.746298123314638,0.6740013710698536,0
23.673588539028284,,64.52376445533316,0.5415062821224879,0
8.660093495500758,63.239132432838744,65.09717452185446,0.8434277957090492,0
21.692582461898652,15.647671600360058,82.45170697999292,0.7617427064695159,1
19.92523671986867,47.39212201161027,41.77085669729759,0.05829720386235704,0
30.792504902610823,71.6397111958099,7.308509102615024,0.998421233923774,0
31.75468254338219,27.09426983163654,27.366638492145768,0.7524024537194672,0
2.265200488602226,20.22541805245349,98.00054631968169,0.8639033162941132,0
18.73063073132356,31.382680822441557,59.62585752327021,0.6511977120953464,0
31.29299578571182,24.150062799283344,70.97370848010203,0.8562851280467623,0
25.156812929004385,21.491263703639586,0.7357829625414536,0.11238297492870941,0
42.824492059416116,42.48508428680869,51.820573218252086,0.3477378355593156,1
32.93468158094725,90.78385138835341,3.7528657531803122,0.8764209436044927,0
8.146721354071484,50.705964673871826,56.9230212091448,0.20165521126689223,0
3.528437370021492,18.792038081532304,92.07708496360753,0.07824209858002273,0
32.12096391031578,7.697166938087408,96.84191305004079,0.788118939945219,1
1.3255655270810907,69.61561451379252,54.055267538892416,0.8354861556432962,0
29.288779063673164,38.279876443638784,45.8204805252216,0.1626522181899006,0
47.01151207124788,82.18309465853592,94.5017094248494,0.8543459827827155,1
28.77370889379395,65.95107686407702,67.3609831996695,0.6867677955971696,0
19.408496310326097,79.62414505413685,6.489927953840946,0.5200826832165839,0
32.16441092211766,27.194603941844875,46.57255776674975,0.830250192781385,1
22.912644524575832,69.2358922461058,24.02450184643039,0.4192492493189658,0
27.280839465796745,26.406198469371876,46.98043214486815,0.1939939562233972,1
47.07324043882626,93.90684794502916,45.54655720063617,0.28485267661061364,1
19.305131890038712,63.63742815333744,58.2144802814742,0.5051640182933148,0
48.05952819119571,32.451180017534206,35.677049034925126,0.5313307926731757,1
45.26753209780318,26.951186229227265,16.427044945592804,0.8055808264412336,1
9.789556739464821,19.09265850716435,50.37194345899563,0.7913527236523344,0
3.4680650437582727,69.46409588937279,83.0202884345762,0.5813665572045749,0
5.038900068871333,21.87156129979273,66.40122280676023,0.7807854833654764,0
0.9110912825774864,59.53032659274891,33.836786592521584,0.19177345829367098,0
4.72214803779642,26.463502692535734,93.55230227588572,0.05006452709329434,1
34.150338670817845,66.19689447938686,91.22075712491822,0.8736338226347001,0
3.559432423011449,81.49397285405392,20.934839938409876,0.07555449376276957,0
15.948781514688065,77.80252431446532,3.9417585120362975,0.2466884297439973,0
42.24376554847273,76.08513309307817,74.13087083507622,0.6953189496243846,1
1.1635967867912933,18.772240569225207,82.76102613491533,0.40944793762730913,0
40.72342412944679,8.838494698451871,96.78645659513553,0.8763139699155088,1
14.092738738669997,69.89488284873856,88.98363940883107,0.29797979466226954,0
5.908241381082813,,60.053476820641485,0.011871346669359295,0
34.836858268207536,43.23462264033473,53.00523392123808,0.3006556405607441,1
31.4471423389942,3.1149092793391064,2.784105126258629,0.5780750491848317,0
43.873600676352645,25.95764492750492,24.665644684477783,0.37593837540329333,1
36.75355219019429,3.3676403874464023,45.96147517329264,0.5348727557587553,1
40.17404651924243,87.91857726012476,62.85039000835678,0.8765981188350187,0
14.101728628565324,24.339668321853047,55.725183331841066,0.9124850542303685,0
8.871977188986142,55.73371695730081,74.26359896816905,0.2659740646541121,0
37.53073758204292,3.897932066113041,27.976693088704085,0.4621404732699007,1
40.3417369633632,66.6847391305658,56.49526076524732,0.5491440152414512,0
49.52525710003366,32.30273457540939,8.814224339079214,0.9491124568882471,0
20.630883845571326,89.79191869576658,41.366552358320696,0.9986173191643847,0
18.600904289639157,88.81181889340358,75.0160832954601,0.23540724884152664,0
38.82064803709984,32.529061836174776,69.3400853429044,0.7269798713458154,1
17.040177012650894,90.09608956904678,99.0642737172179,0.37803106223319516,0
46.537866280178235,99.61576734987788,27.7891125987756,0.008108196886213226,0
42.92063759215059,82.5415664123948,49.81892991739792,0.009252522435902355,1
21.44970136875092,84.4871347755229,32.95304137739967,0.46056600756225574,0
37.54355338957487,24.90087361090899,44.060311405917474,0.4883349130043346,1
37.727143704234116,57.67023988577563,85.6950129869388,0.022569696573442655,1
5.15619344179663,6.725591396736785,68.42090751884867,0.6869274167743025,0
45.127645333978336,9.491793682166971,88.24411913475817,0.2940033885949531,1
25.262618622392857,99.88926120332906,20.351110833188645,0.5598931015359494,0
41.322873305387084,32.663924942591095,87.3361117841438,0.30091907316541877,1
16.002480051530586,74.81839120488463,5.976227417838443,0.1671343148693072,0
44.77616142481003,80.66650530268164,88.85992804371524,0.4071737385988753,1
19.460083936708156,85.80232710072292,32.90737794607279,0.23227336479050076,0
0.541882574014918,99.76282974021565,31.458763341406648,0.5348009769191681,0
45.26909882096318,24.149648525686786,51.20885766986639,0.19882853028647995,1
4.564333839306678,4.035082685969971,94.06901877232318,0.5084059766446271,0
15.965681879520744,41.1191517994586,4.778136468140537,0.15737851486886756,0
47.50309835254025,13.008066982894695,35.22309750707453,0.670974709485785,1
47.53035734687781,2.2425889162055124,85.65719886833357,0.7539376844414241,1
28.671894406164306,36.04268271414861,39.60544774354668,0.11039423424993378,1
31.591860608489963,78.37382510752364,19.9156897597067,0.4678024120373392,0
22.42227609891599,56.61806912250709,42.47941813314118,0.07087170065487358,0
14.660538584903227,31.277798921035405,38.55525014916693,0.5981824455420024,0
16.4332272684958,65.43420054927196,91.54162014667034,0.26440429792964537,0
33.62592280385192,23.20181803088107,76.19343757430971,0.5276244568387078,1
37.618726471884,1.4381446072085025,50.51155557440063,0.5174610093842912,1
39.578952186292426,76.43533864364274,98.8370566721571,0.9243543461938004,1
39.48090713972769,62.374308486400906,46.527753127592334,0.5490832225687229,0
4.560305152434518,76.23026245009599,5.823783082027523,0.5829984797183156,0
24.721015235129073,3.893801668766561,26.22743218149849,0.4016531257643803,1
2.877938000832214,83.71196278306522,43.60704802193126,0.9490796031828168,0
27.476444116186777,61.95262000363033,15.690262414612011,0.7771859094396096,0
22.07652506866885,56.33953507126401,94.7565126324043,0.28540529030284156,1
44.38520913791499,62.46140481145316,76.68488978177731,0.8442095857762321,1
17.545750627603933,86.4433246868364,26.828720042777267,0.43239636018509,0
5.853350821380293,58.69365065589071,59.08045335179158,0.8286671435335939,0
7.149584102641793,58.095037988817936,72.1449157109572,0.822888068293502,0
38.07553158587361,99.06791570657658,94.1278928906798,0.1888701867628544,0
30.910903165813053,75.6730167068568,88.16353491754107,0.7011411313835769,0
5.0561338061395125,44.22938054511353,51.51922261382137,0.2906429693065311,0
4.205340305749871,70.73970000329277,77.46526197930176,0.2974926699926682,0
35.048456572956,38.92304716917885,56.2144753827585,0.29634807688058074,1
3.6381503182096764,,55.27038900455401,0.7255682475599482,0
41.09300296451781,59.68518768877594,11.47419583381919,0.22982604179253607,1
35.31211135782481,92.81820981139515,12.613765801615207,0.0009058352460902253,0
4.067439032094988,92.91395200154628,52.95336150224574,0.7152368534826331,0
4.241885704259596,34.19052781054903,26.886154497900662,0.17118474383512527,0
49.33197892505877,52.7677466221695,2.103690246046863,0.10448239530783465,1
18.713539787806017,21.16358985698612,72.28392039002122,0.23751612059406013,1
18.532107353344546,99.56311094988834,3.248659669016496,0.379900522322704,0
40.63997836287513,,59.52768411040545,0.4759063274732007,0
47.36242886919293,64.95089297074473,53.91937941273144,0.04457004071263082,1
49.30005319114355,80.44140596774734,96.88146905778045,0.9705733326273605,1
37.66890926294708,71.51001612837,48.421313934764164,0.7160630534195581,0
18.81297927654579,59.31582190394682,6.360143637779736,0.32319406532433614,0
4.175035834933438,5.3347996988897695,55.16879678064617,0.31869725728539733,0
38.85734579637184,45.476434255266106,84.10961706161014,0.4485425493684594,1
27.920212486790252,,99.68492842814399,0.626244822763033,1
21.211100462348814,67.75316138836847,43.034317368907246,0.14637306658896776,0
45.3177192547368,37.31226184223836,32.02987424967425,0.18892981376495233,1
5.559874115307567,94.16919866580305,90.66532969519989,0.8594345828335509,0
24.631255214542957,16.7357032236781,19.124212907612137,0.25625492388907256,1
0.5676822383709534,50.03594462155606,61.542891503292665,0.38019499797517753,0
23.433032099706313,69.08839765508228,40.57144241809477,0.871271850950117,0
2.8151637840918675,69.71358058918092,4.108236495555529,0.6631478293998225,0
5.940895813403596,64.86389567688155,34.72884743056978,0.34171187934168834,0
5.876312338855244,27.528821345186017,26.52285225026746,0.6836995457246208,0
32.460515105803175,15.620656868662197,68.60911539434869,0.01968321538141371,1
37.30224396327117,63.594032682671084,94.87904976919181,0.7356426600113652,1
29.168438254857982,59.930211613943776,26.804718737863777,0.4870160405162395,0
48.10862742372709,17.935601028924097,81.14659391516817,0.8131821472844613,1
18.743528976185203,70.51391455705634,5.535981693840952,0.9546376520064683,0
14.285604314093037,45.51719917336564,53.81210100398132,0.9257885494945683,0
43.429956409473014,66.7760591603153,7.055006370989458,0.9092650434553408,0
11.179791925972632,83.73670797701507,93.40329911306394,0.5121699559338871,0
48.161126972030566,,76.63512805573902,0.36014211413893804,1
0.6077237344908171,,65.79499112045923,0.46503532473067277,0
48.493941335381955,77.91025863957867,82.38963816246643,0.6898960033133608,1
2.1579955975288057,,64.75197955701631,0.8839977768711867,0
44.557155684903556,69.96395696221217,96.89443971742911,0.20698630300011955,1
26.385055454314994,83.81549749886426,71.39579478647715,0.918193158461703,0
49.64823980596502,80.28109348245005,92.46586095822468,0.8151802319698891,1
3.689828236769943,96.09201469288247,51.713189201063805,0.9788560151782346,0
27.69271422006604,53.59350788521182,11.706441298186265,0.8802517732816871,0
48.46512678095495,48.84956326599054,52.81777214230171,0.27993732969190666,1
26.15489220850744,40.18871998907301,12.68728280630933,0.10595591134404769,0
31.469931906763126,15.369104284420454,59.249347917640506,0.11224107199158861,1
34.78743444923086,57.26072328820224,48.24930605276629,0.2912233185782761,1
22.727053238388663,27.70125243259788,62.25753978327817,0.6141837239845392,1
31.377904004203174,92.13075122129754,1.0046981054831594,0.8043203260971725,0
29.21571559615501,58.31908042770976,19.484049165536412,0.8992503069815647,0
45.057900524549446,59.284018050811014,49.13304319121309,0.6237533843692328,1
2.2723190170728937,,95.05035615891349,0.0056313127480537295,0
14.048159479611517,5.198935197770749,38.360904035515844,0.1863167765185335,1
47.520574203827934,3.174376537298862,42.43720260536347,0.09972620385336795,1
44.51318919454582,42.33351441531975,71.46960890066222,0.36332447556901004,1
22.782837639285646,8.456537809723786,60.3792757286118,0.5013509936337459,0
31.006629890076837,60.68469555401391,29.892615009833325,0.04339717857856085,1
13.869059149056634,88.09730056396575,41.08163955674278,0.3484779757956553,0
9.406057986188065,88.29148165187222,21.769979885723245,0.17917967462532258,0
23.18492024699911,65.90454101322324,96.60214591302085,0.6470701662588739,0
17.66761140130264,21.1231831472931,13.063438155735973,0.46427236932434,0
29.182805592543602,86.29968313588721,37.18367845664194,0.4953176469339088,0
3.8867318482492417,88.60934353132082,2.583897222001119,0.4276917880334611,0
48.71974038330833,19.66535849529587,22.17794919335464,0.956019710486567,0
49.31053722398014,73.74260857706773,78.04711383801549,0.21473512512156323,1
34.90808570098726,28.651954892712293,20.117523228887947,0.5166642598438743,0
26.80481831720602,80.26403123529296,8.00634025289656,0.7360173683653359,0
15.476380814316387,99.72378999036027,47.44531798445233,0.5568444131345626,0
40.68975098534743,3.0026005329392813,0.9969234734518495,0.9290208857168011,0
34.23655862769397,89.73658657909318,8.476615442633317,0.37796835564128417,0
8.130846967244565,62.26305335986581,80.76258695629751,0.463675805773178,0
45.546359224692125,97.33826191648211,77.14733448596064,0.08852231521472842,1
41.12686214615845,46.50095175264276,91.5138820404896,0.6089991110519285,1
47.4899956645962,84.73879305713737,85.45154359107495,0.28821196844810604,1
36.285975419418,6.239406859827723,68.3175563239818,0.16030903951556885,1
30.670759796789493,33.527905007829574,5.233285730066283,0.5445312929045081,0
20.912151814530944,6.701653775120997,78.28486179866574,0.5323102633799106,1
46.63642416770066,97.53431334790706,84.55108108405605,0.07587164122404755,1
43.30319447502042,81.69739072718367,79.90821457719545,0.6982154534944728,1
2.2609335053094703,85.25474212459704,50.847903530802604,0.6237721906508529,0
1.3183487248626002,93.79652314338942,23.290183864948165,0.1890172827464972,0
18.82316834390248,8.510348611978536,84.53299756887267,0.46943486215404384,1
40.52766653909165,38.55975925133334,72.71628097401384,0.72032291647856,1
49.363806465747224,7.103488904400212,98.07611743888516,0.5294357405412765,1
7.520844555176409,21.07931015500286,15.569259775593292,0.3954890761835702,0
29.706535767606756,22.936577703767234,22.566458305205504,0.32233845808094364,0
19.044542831551077,46.91072110475787,21.17981498815027,0.6103938666440536,0
48.49571989073016,26.856216745364257,79.25397676213368,0.9391086983102406,1
42.105946156785436,10.09781068177611,18.690729645011817,0.6717448404774834,1
41.91643523555689,16.749108909410772,6.665982982330609,0.0747459036363155,1
23.434657989748516,14.727556355209092,99.85608065856286,0.4606849734821338,1
20.74097511688326,97.30767979122983,2.4817211445149145,0.8908241315106276,0
13.670353596535312,75.92925069184736,83.52440601588657,0.09446242580108688,0
2.8187748325463557,96.7761465269562,36.53668415506528,0.9888757121375433,0
43.23611881275266,43.974048650790856,84.16154597578152,0.9490693936454213,1
40.64505045650388,27.83684816626566,55.4620491211145,0.07827448072987586,1
49.98588366430653,79.82931972091866,90.16312294863602,0.9334133204495549,1
49.831841853695266,32.62539180411468,92.61929864146266,0.3631325902594622,1
27.771585280131372,29.93833737053483,0.9098181280775997,0.8447091670758625,0
38.44937075902553,23.25059922078312,7.541217599278827,0.4183833377132715,1
47.238286494121404,12.967897822423534,25.035872957085548,0.44085511270251587,1
42.482369533870575,25.646306101676597,66.93154163635016,0.6342430909775426,1
12.367405087159883,35.53197484738877,88.8272196511506,0.7744774192759833,0
22.527206765504676,,45.994195129396275,0.033789150948248636,1
6.457970757574749,6.256484221945158,60.697311627426544,0.5931559955271343,0
47.70255136293612,21.050693966534297,18.849985279556115,0.18673299409737099,1
30.308731722544003,80.90236402916764,80.49668338816853,0.34594951786320294,0
11.432140275173136,14.692192358377076,96.73281113534698,0.3479686661552165,1
33.58503422029283,34.26451465225215,26.85989329145975,0.4690603402211536,1
30.90641202289479,86.46589218581401,49.48259516005463,0.3341364118761734,0
17.908135901642027,15.492531114344265,8.61161105063738,0.10736111845066776,0
5.677879609981451,8.27368356181899,55.91366564629684,0.14562873852545144,0
33.57865977963998,48.45379950800108,50.27834418466806,0.03343798556109767,1
26.015385045189664,,14.44364841550776,0.4702490853287543,0
38.61591958678196,56.34083644838541,44.2066213118075,0.9544476948529885,0
26.00817505559967,80.38048904834751,33.410465208656326,0.11567522364811655,0
42.609075015927004,13.714848815274316,52.18308753051893,0.946264493003082,0
27.595341938724278,58.0699084554285,58.565433542879916,0.7333615147320935,0
28.046898576769312,50.550876038986395,0.8495578607209509,0.6374988029341632,0
43.832680132917254,14.407878601319958,76.10059829495553,0.6452777553235629,1
20.17414331061985,62.39984855289824,71.30142918617408,0.8267276483962821,0
6.700761422532037,27.364041786077166,36.62863862065222,0.10691986437982137,0
1.4391338156669486,48.78343185440125,5.2935935568818255,0.5047543235655417,0
37.75686278368095,8.227232427706188,75.49325397850504,0.6970911382607585,1
31.015477567673233,45.958405721362304,95.51751604781325,0.5868204450735637,0
35.20398840496118,30.646346804282032,24.015159602201418,0.8327790710232946,0
10.648208075445536,82.23812111853543,32.35246137370379,0.07227170901135149,0
6.818573779338488,5.697872699736828,18.381288948181496,0.690701039499166,0
0.7272332833940964,41.860727491832996,57.693612334483966,0.5340277303847177,0
17.529377940329848,45.8431424131438,15.484139464745494,0.3791608639799434,0
29.495884342731653,72.50060762991187,35.619394346137945,0.34027498223403085,0
19.612202254986617,57.428757509021096,69.70130139342629,0.6208326327741929,0
21.873746101186452,,56.01159830093484,0.8909953746442648,0
45.20793472468742,77.7049285651756,38.64625643279352,0.49617592610111527,0
17.41277335116502,86.22029736581888,42.02496018075419,0.8247231640769201,0
25.69947445799054,31.38754967224705,56.21108826232295,0.4021563818439675,0
39.18265063705715,,0.5864727887161303,0.10239446279317654,1
19.827139116063506,84.01080784391999,7.8509868453609855,0.06150573645863855,0
31.104335011393676,98.94511309650565,88.12580677630116,0.051334371323677574,0
43.11818543733726,88.95193110437631,7.787898909129076,0.38015014195766994,0
47.4760311828821,37.14672626243768,70.68035962105051,0.33723775083584207,1
7.353674046451896,19.516651721865042,92.00381641090526,0.7179370236225695,0
46.32938125807472,48.93925374065887,27.06836043017311,0.7428215015848658,0
24.60581465397691,74.16414518360422,37.04914370595142,0.05085396883373983,0
12.912219414947918,49.25690707532976,56.892140584471626,0.22112326288901496,0
22.956787811913067,48.31808633136685,88.17089696385847,0.2742618501588997,1
49.00162876427385,83.82304210818006,94.19055872604201,0.5476119841428094,1
24.63090469964348,36.14037790671863,73.9563248111268,0.14451522390695026,1
16.437580514375412,85.97946748116456,8.661976085469403,0.13394121940000037,0
31.67004271583629,40.680480095172356,66.91541555348508,0.943788889207958,0
12.007280938909654,32.82331056783394,41.03037218726621,0.804202907297781,0
3.7931664054331957,45.3989911199699,47.07009994910616,0.1806549020911703,0
6.443986095532461,76.24469586748684,4.914839034517704,0.40656780790549096,0
6.402291947888622,12.600202786399429,19.106213934635818,0.35562199925756555,0
7.595134675614718,19.64192158720174,79.05136075336478,0.7910040740654073,0
6.941358632470507,95.1444825663092,45.395883304785976,0.5102129164781221,0
32.04373724016073,17.54916273813574,30.166224163114887,0.12784973699346702,1
9.094004219957242,56.77273179310546,38.401907396495815,0.7389920631562439,0
17.28336416619316,57.931446666193786,85.43995133256801,0.39688797822491895,0
44.839420495300594,48.96244620502448,74.8999017404957,0.26292424763214706,1
23.69808201314362,64.47452485768186,27.231539718108277,0.37549862202072015,0
33.37788692605136,,11.750184021237331,0.49775656360689635,0
8.615993560081492,55.266226777674824,25.19982216440717,0.34311551641700944,0
9.614450940433539,37.21732552468971,92.07564510547337,0.24190577259175783,1
2.043430813323943,66.1667259629189,58.15888378497554,0.39850202880398033,0
8.446753153608228,14.122354337314945,53.34802087447829,0.019172910749898242,0
13.92951695159793,57.08774168394763,59.63935996924615,0.7724978460963139,0
8.85052421383734,,36.60282657465152,0.1709448935675858,0
4.43512668785278,27.86430631150364,80.71070203195127,0.043904613630637246,1
6.03179355503004,21.87098003235832,52.32862493002498,0.6536986929050792,0
23.038938401636287,18.28377798688171,11.674790276879554,0.7739361288236722,0
10.316685920289625,82.5710951560667,12.906512482906296,0.8138291315928432,0
18.213493052403773,28.570756766089033,53.685914650261836,0.49350918266059995,0
25.170863542742843,92.71237818644494,93.65702180708392,0.2053681846899853,0
34.51974143146826,96.99265253451908,30.835212167619876,0.7372276772498267,0
1.9656069920549468,,86.95411688592183,0.6997130771543372,0
39.97051994545213,14.30011226657264,76.40955865788793,0.24627073410317324,1
31.39501947454539,37.45482433795813,24.781244290690687,0.903407755862793,0
4.087951597443595,79.7732263348214,3.6340748316242455,0.104371458082829,0
43.67893120533886,36.739072869707044,10.184726514238275,0.9826882395913257,0
46.04362002659066,8.701721830278874,72.84939338474402,0.8602478109774646,1
3.0538979927431873,,19.96697380406467,0.6878986454790752,0
13.843882407360187,84.51208514960348,37.12709205053938,0.9387498882798329,0
40.31006398965307,79.59263871435024,50.16991660064248,0.7223111683237078,0
37.41298451918292,17.512314013035322,72.54681684501628,0.19045699703004593,1
9.226050967818866,67.27646144124667,11.323122325912538,0.44215613811281174,0
10.467466166835514,22.05042634356471,40.636640527746145,0.07150302433163536,1
18.5236051395691,21.820753455217222,48.50729091426954,0.3896574222881154,0
24.226149259551065,87.40717733051852,54.08270639715397,0.7416030197372087,0
30.912738576514798,24.966895274023017,81.83606413952167,0.3864433509308174,1
18.445681978488622,26.32473465180112,17.16781950432169,0.3302941754681341,0
23.126735806657393,0.06533907612995549,80.78314518266222,0.5953557225103119,1
37.37354690668783,87.06690341255177,69.28784276966522,0.872204528998895,0
1.834160144529895,79.25948132091347,55.58708141989593,0.04758319254611243,0
12.621847217201038,62.7328935090678,69.95278704025719,0.3854704346997354,0
35.66747929422762,75.02657639388423,41.20177389516564,0.1582407418152627,0
44.76034188435997,15.20485674244918,13.839758596812457,0.6953542507318696,0
25.583872105783307,45.832359458757544,66.57652402653673,0.10572456043113487,0
26.605674263265783,35.121938734878086,52.46723066856222,0.6648077585802445,0
5.358600566988803,9.37765262570165,63.93748005427755,0.2861808707979073,1
22.370618341172733,48.61304852149241,33.799878102849,0.1989168137372247,1
26.630863322751157,92.07396503426354,90.6866577339836,0.9363525578249854,0
12.123525181736483,4.005911905069448,58.736986857557696,0.018524576745955867,1
13.462161547469048,29.14609134937939,8.540248429087383,0.43777727188956894,0
18.864208155231132,20.754093620570345,44.980399070442864,0.02162699246179378,1
1.0035598888863184,23.81466536656963,75.63560547436343,0.483593048104329,0
16.103958279158913,90.84345518793752,79.41345617322723,0.5010473777944182,0
10.572400349827232,46.806905423429015,49.45970527637588,0.321662471394747,0
16.374867608895734,,89.4747570831301,0.13216177752502367,1
5.988106590962561,76.05756424552823,26.766843719429755,0.3763875377344753,0
44.52636403699475,15.44922040049258,41.05986972382666,0.672262939932566,1
29.679622677702433,48.72653541000508,89.859691056897,0.7823958086444591,0
33.95511595722448,42.99852141210597,89.62567164715789,0.5307506023881423,1
39.45856193036691,59.69106905466561,68.57127688246808,0.5898343944397556,1
24.922109946452863,99.95577032504386,85.89805471222202,0.2006163711246527,0
4.346014404371185,76.9448894082047,8.877326695623267,0.28733033322764945,0
26.85532709092739,39.78657030174272,86.49949762077763,0.16189561005235842,1
29.342055901043956,82.75530522740469,32.061990655022676,0.24929535000461134,0
37.271973709216496,17.070836331248017,17.833151242821632,0.22488678022553177,1
21.58297731148397,3.0463686308960125,23.936983634204633,0.5194487863912376,0
6.379015139778188,20.444837246427305,41.79685080138871,0.5626887557907294,0
14.188795289936223,34.041155611425964,25.119200460446724,0.9449474208215045,0
18.154114819931756,51.05807574595599,32.0567586016499,0.19557064710152305,0
32.295862066580064,61.51291405411998,13.497848607164208,0.6416757101614959,0
28.538915233445593,91.06057172144217,29.617676555899852,0.8172592689875229,0
17.80483629489231,50.98540095504577,57.22838145420012,0.5602414637830525,0
49.32576243964898,50.127564462572934,44.185370809106395,0.2550036525010757,1
30.288740967844358,5.024300982298213,34.67187612359112,0.2625502300200002,1
11.861339586799724,3.491155265622381,74.6452128857114,0.03925305307099991,1
5.089123631020187,55.11599619163721,89.3509971393318,0.3054442265484817,0
7.642956959216601,43.81786132483445,75.6789222902397,0.7446036790033801,0
12.297886419225406,83.91803949802986,33.200070211767915,0.04751775720711038,0
8.034068662977784,16.067958471184518,74.44421678375537,0.21929528250483066,1
9.328351202565289,2.49716621170496,15.19801824740512,0.7062324985317819,0
14.254758434692356,44.903876793012586,13.031798809129091,0.7826515628228766,0
8.66867976473774,23.74785567522575,34.562703703615895,0.4553184100619284,0
44.83827123132126,4.961437333883745,80.7702369044057,0.6980743384786489,1
4.011687283082111,72.4598286847629,24.634824724230185,0.387952168654892,0
26.225569478512732,11.159299995724748,6.325340889867959,0.15991324502412751,1
20.519841349483077,60.83195000077717,13.170953520635509,0.3981494935229065,0
49.11893084543032,28.104975016688915,85.87449685295802,0.5799678202031429,1
5.601945108402617,17.3496050355022,63.37832847472876,0.9480532818528903,0
19.892779952287082,37.97515229193175,25.320116336997668,0.06875095208867732,0
48.473521663768445,80.14457762229537,55.52958253281813,0.5073940938449606,1
43.275356294699016,39.20935769045727,52.75796224253504,0.3289197782107244,1
40.853603547464,75.07696492110557,65.54359784406613,0.5083116942766945,0
12.895141352246991,12.548629679915068,23.31875544216163,0.023975447376531678,1
8.544379369503291,77.27714196650791,86.44029871943977,0.3130253547015813,0
33.43216099622155,23.693332490664865,30.936856208001284,0.819868147527005,0
46.46879945637929,67.73931298888728,69.41316539762369,0.5539417338546375,1
27.83814465069649,56.57815548409963,1.612464637221489,0.4505824928161174,0
28.580634473494992,92.91447172116874,37.26571298941472,0.2855250717153396,0
13.998954683014208,38.732251797531404,35.17098179588083,0.2980425227913559,0
38.47464665959684,6.616518883444044,54.348442858301446,0.38310143359058446,1
9.352187427876169,1.9155485551252904,7.27362617771965,0.8355707099645604,0
16.183961820212183,82.6858560972753,79.01313737261083,0.9672132068082684,0
21.27182193082084,52.473563766143215,21.778080176756852,0.4386553813503745,0
25.38051893422275,77.52440518349492,67.70378148820102,0.39335283874776183,0
12.120486620754011,23.44256000115147,80.32121232440932,0.8465507758198628,0
5.741841236960177,34.50837455132337,56.18769562415131,0.4269053206363036,0
30.53100212208163,3.010387221131894,74.08832067219855,0.5520181722956512,1
14.431527662012789,96.14923245741122,66.18603122150056,0.23094166459874443,0
29.061911071130613,66.78679067008134,35.55297971520076,0.7435025357790752,0
7.718135763710116,93.32050877593062,80.88585390335653,0.5319883182707819,0
24.057005092740873,26.549640742907233,29.4701369885528,0.8090345502403417,0
26.629471627579292,61.146361122566084,57.12129177515172,0.7807327300286697,0
2.5911768411213454,67.84999682926379,74.53977391415395,0.21500476827002857,0
16.830213909696027,31.754970025758844,37.89559098125076,0.7156355505577624,0
6.720733846948712,84.81092350156301,30.276760761742505,0.8000544079513714,0
3.168748523638387,94.71614629002478,45.934601017282276,0.3461072407823951,0
49.49801161949726,88.48551176960044,81.79634943491536,0.17260911290227454,1
16.117692248736148,73.90669759393725,92.99217631456648,0.00263215557958818,0
40.493722292731746,27.746467972495402,54.50834128598901,0.45090365309314817,1
12.732032738188192,28.161604210563173,66.14662053236519,0.3524327315388416,0
34.075136111196464,96.3360320446038,90.32736222389141,0.5549098338254089,0
38.011392994484325,1.0284495935692028,9.85468514129424,0.18804109258878576,1
29.781937030392214,71.60499732421445,23.207857786616504,0.8596655476664752,0
23.57880942750792,70.62461625552622,70.89000062515825,0.25775521562810966,0
20.592045707363425,62.26895409497975,82.37444619122996,0.22642960508764998,0
17.443413327149766,99.01088460868658,85.70290283305779,0.48071405648435594,0
46.476457212391296,31.187943576372522,41.51071768549326,0.49885102374427426,1
41.530970389386454,33.997186379324816,8.933990229186684,0.21508522878509284,0
48.251345533325626,7.893940294655555,43.778147729961994,0.27186072672591577,1
6.214861174277236,,23.07345902070538,0.16970523915524494,0
36.54337376018221,26.10485262348481,29.11964549966242,0.7184601783231668,0
46.91702284105189,34.338670217764424,77.22675568375058,0.7700890312540819,1
9.061653308283008,83.45717902556277,7.552708602588687,0.4623284974592826,0
3.3248133683388748,93.54845135274957,82.75812174807021,0.7140870226850174,0
37.056032464502955,18.573307200518563,42.76690858241691,0.7359353919374455,0
28.723655658995597,37.25089315534659,59.60639311005951,0.1382755276778086,1
42.0914388379136,92.8630562115394,8.9652231235679,0.9661780248345367,0
6.988618831314475,6.180846068922263,33.735907835727964,0.821031947096431,0
39.76336559299451,9.236052811137851,8.970091901484578,0.2044834611958235,1
10.081366002387227,16.279098920622936,96.15437228811096,0.18616503574607024,0
8.182797143285224,59.521283412687474,80.72616493262504,0.12566114557958274,0
8.213289896549647,15.047227100599747,45.963275435646025,0.13837856254191838,1
40.728736011569104,96.80763814507335,22.36025483236711,0.7481617990286962,0
33.25986103481001,44.671452725852035,93.34551052498522,0.46965425695162355,1
26.153271238455964,50.15179603501664,34.45965957269718,0.7829341727398672,0
17.941524206175124,24.66586158054065,16.098443168737475,0.7462548943502054,0
43.86002704065541,47.09602524347335,56.31643884539549,0.6046127135052216,1
19.622255371131768,66.19136326370115,94.37741203448161,0.6863666065786795,0
40.82997197357886,75.11771369540428,0.3830290500322575,0.01835572437914179,0
21.95674542851092,75.3868082709913,23.812484325399875,0.31177764680502196,0
18.84722147124538,57.789111269408835,93.84476404104076,0.6378221792594102,0
23.13398928348032,90.43597749938573,17.108596685716204,0.0093449534862442,0
15.068893708207105,81.74078473061094,11.324345163981986,0.03297694368259341,0
37.380469008812554,75.70481146986255,57.01872157998045,0.8518879824703832,0
25.136019504623956,5.560552168046062,86.18438232948299,0.6840248616920718,1
11.610634757340865,0.6877962219649314,47.71098176939261,0.26536973312034395,1
44.978728663728425,21.244727719547296,99.45642566845248,0.687962840118709,1
19.19456106866057,66.35235939134523,67.91716995379929,0.7924566691392633,0
27.17764305569943,41.119748888254584,7.407490721044773,0.30679428311010126,0
45.32360554822735,40.24062592993117,99.28321316819753,0.03603737749918745,1
31.211899795699605,88.45868882296138,40.78942367801904,0.9327791246877345,0
5.844902035418204,,28.740253384548254,0.3451798382956305,0
46.991606180673756,90.91752640535857,55.787918357788556,0.10648176328470638,1
31.385402653570893,31.38780765150273,30.43075918208643,0.4918568713931474,1
16.745280732854305,69.10558127392618,8.645750712015232,0.7684677956641338,0
6.963603633169363,27.163318127436963,0.14283430791767193,0.22164731461755915,0
39.7012594635148,19.060983307444978,44.95833529202623,0.26949005013336336,1
31.003637796425675,18.463245734736923,83.68634222265922,0.24271498679858317,1
26.673054598816076,34.2107620863594,57.231518563007654,0.9916730528316782,0
44.69462915254788,42.99576197798217,99.92072989434408,0.19740373373054254,1
39.42986056122654,83.09491710550684,28.68466456472,0.575520216966124,0
7.583743986637559,11.98910934727121,28.04550647600553,0.9252646416569643,0
15.586103389777412,73.49258473948942,15.97494602339442,0.14689656887777924,0
12.424456990723288,53.14549141893053,16.40635882653352,0.9708541978677002,0
37.19731462863385,28.794534267599246,28.51865960100478,0.9474772343956246,0
1.676621736788969,49.281958453282456,79.28400452735272,0.8845719870582626,0
28.494484243565825,29.994206977702266,90.57567906364478,0.21455652133000225,1
38.122934287034525,59.608195523830595,97.50871697076813,0.6340550560109833,0
43.838281838087475,43.38439228552442,23.228965409645262,0.7608914729612402,0
17.104087435795375,16.440552907887874,88.12975456140917,0.9860279281964297,0
41.06286523360064,11.658307455569672,32.82550892773371,0.18042382208137042,1
5.531586847760361,54.66956820721302,11.28405445168844,0.7660258995192964,0
42.32261458672591,90.24130332861034,87.00249255201656,0.33880116992711296,1
6.374433116599121,34.395768655768556,63.61056346436186,0.17562646556800232,0
19.864364528018363,73.30001072226231,16.47308960810617,0.42137694121385494,0
39.86476828897768,65.8661354939767,42.98312575130026,0.7938359121486164,0
7.4958713674386885,93.1554914309481,28.725769487706764,0.46484980370405216,0
11.462569761632075,82.09810172991409,73.6794568710197,0.5375231002030485,0
36.11262841965331,56.660525890546296,45.341623062426805,0.9951594102001212,0
36.00182682730372,65.70304982341074,98.9279945106385,0.399109299557426,1
32.057381644264865,89.83864665840349,5.474498225959512,0.6154007547092398,0
34.697422223355,39.95187845869348,35.50152661362467,0.36524420161537186,1
27.13622216737981,32.679470585777736,48.19001671099774,0.39278564632870494,0
12.589952945347637,1.081108363519634,50.31335547483198,0.6956407534454081,0
17.284799675195973,82.65510741914642,31.593582238563677,0.9378869760948835,0
9.079885840071283,80.0980700403365,72.9240249097568,0.5423589504923214,0
45.422528066681416,10.445451810015138,87.47470734889747,0.7683999289487798,1
29.169589738306023,57.68573811327003,93.8719301977863,0.08920655881696382,1
20.042570838181994,46.398169816688736,80.50933767995262,0.21115803743192696,0
23.100290182206635,11.870909550911147,85.05801973065994,0.5021316409195324,1
47.36416698059077,98.05682270607235,55.05453006199955,0.02001172362877479,1
7.66757015580401,,82.58882264268146,0.2528549787625588,0
29.31149160083986,6.723418009056115,30.350390914795224,0.5174012898249661,1
25.2944339442233,59.48473795019096,39.84787621092144,0.014961198256300712,0
30.57271177173239,73.88666771330327,31.69130138185443,0.2645462862260417,0
0.9055091910420254,3.2443446047186963,46.738733544792545,0.5140308194758695,0
43.606195447207575,65.87176387270222,28.557961623863637,0.5731492479812457,0
46.60591412418062,53.22918759514545,96.16114422544469,0.9257516930553055,1
28.256659179460446,10.326500887504842,31.284462800566814,0.6453456232506078,0
34.83254119384461,17.252387694636205,9.804453811093982,0.41473580252999376,1
46.124969058864785,56.79742973160805,52.68171660504134,0.9303511771330678,0
35.36193171566993,29.63576135132884,5.7099078445176366,0.7848829833877943,0
7.626952145713068,93.8315728651316,11.054316630858052,0.2000089211127476,0
28.81441800834066,81.87402294840508,21.93893891962463,0.13084236134881977,0
30.335752319142795,,46.43502498821417,0.675811635742733,0
21.2065335651193,25.967083895041398,43.32509323090279,0.5598831655769838,1
36.82221178123614,96.9723632797977,79.96918620027913,0.7896736137927557,0
46.718350738450745,43.12338697915579,73.94746538841133,0.7388050500786865,1
46.278425645338814,34.751879531375465,42.63182939907013,0.625211533857515,1
22.541968570206606,5.034952696935324,33.37042075756299,0.9863821716288922,0
5.661902292037762,5.276525785960262,31.64687840614986,0.5335897301104087,0
49.242059948116726,69.20112559466547,77.3995087294009,0.11310575650171983,1
41.94490432229671,45.79289944340279,5.2072406221269745,0.8282735648159884,0
6.2331340601633425,22.65216260361057,1.2821649510605826,0.251853362345709,0
46.04209413086862,61.39703063252326,79.5544391926648,0.7773021481439183,1
43.49481810310641,,47.71463759890493,0.9571070960000514,0
25.941902856303606,57.76317543444226,13.088113855357598,0.6967955139643413,0
29.563771787246463,35.92087469826903,23.556593459450127,0.5960301609498011,0
19.95013519350651,82.3552226611819,93.25039530973825,0.4603861756750406,0
2.7380819411015667,82.06961607667793,85.9502975624898,0.36440986599540326,0
16.759862082295047,47.73503981224013,70.97850502239726,0.35300475097183626,0
40.14267242990057,35.08191093350156,48.22252303373266,0.6363727057095906,1
0.23160115023014294,36.25597965590946,52.032362619138574,0.7512731169377459,0
16.67495858455721,80.57145256682179,97.52445352839587,0.6785170694844144,0
19.908434679547167,32.8179482797612,96.57704438842872,0.19841010119356273,1
26.869780146896144,20.9059373706846,21.526904578583427,0.4939871801434912,0
45.992780820638025,8.468834187530682,81.11045663053181,0.791640072183063,1
17.317299718298063,46.66931208844084,19.72426661670168,0.47570407818905625,0
17.347660094811385,48.213209891984185,21.35374778839514,0.5366232797354938,0
36.87506240548742,84.09087104029072,67.60930341645768,0.7711360481708222,0
22.610897044490358,22.123869644606398,40.50010985875484,0.6612653062650915,0
11.230241146999099,38.099127366839994,93.15444071065203,0.4093449208823926,0
22.62197580663467,80.8405738893691,8.900973489600883,0.895412711194219,0
7.042851018989992,82.36236107489735,51.152564080949304,0.1625670686634786,0
8.819349325311165,38.46110759787682,91.85215304431212,0.9955164485903247,0
24.918388636973987,45.91240232866809,90.41136604795051,0.1188525784762372,1
20.946272475227396,30.328589084928293,15.652921341574121,0.014949971104238902,1
45.742295053405,93.2554878419312,36.663770009645646,0.8900189011487647,0
18.119694955831655,11.864376574158031,61.912140004669624,0.24495350836595609,1
29.02941751390217,93.374942300147,15.939488477140218,0.7296996274467209,0
31.61321439597652,68.38664518353433,96.80221720457386,0.8110153749320693,0
0.6547228294166818,53.15721526867312,91.47493287276603,0.8589863910321168,0
33.17686860083553,3.2659060784495875,16.695017903446917,0.9915942356641667,0
8.901798343487572,47.55961918220083,12.115546126098542,0.29403971003999907,0
48.053515873472755,40.774810500273226,8.54084828082653,0.7102433419272591,1
7.433136387655647,16.121881197512256,90.94436640366311,0.11539985828082822,1
20.731206186351187,65.6409603500657,19.362380979546078,0.4068092913568494,0
4.267483403932193,97.11509073682858,41.62849285443547,0.8479716933125904,0
49.843712592297365,56.218881106452514,44.8851365652003,0.36765804605910835,1
25.10975051656213,71.47532764439458,59.901104421356756,0.5910953805356141,0
29.76925086600219,6.845045256601678,7.173534374742497,0.5037734437246341,1
3.3538238694213742,41.76669958169947,22.675861740051594,0.6459515311120451,0
37.49802351995889,11.635848516449588,93.1490386918926,0.9728943893876949,1
10.495279654779289,61.27958355365104,90.84101072685695,0.05573552650140212,0
44.90271447203569,93.84821582141547,78.12906474056922,0.5739615175016297,1
10.256982024100358,66.17777324716386,1.9401245618215435,0.8630287792502848,0
9.534386033183328,7.680304831442153,32.70067684961021,0.4813827117484275,0
1.827483392404744,35.466620498508284,62.79587353429078,0.07852718594157282,0
23.603347255499962,,27.519021177347568,0.5605393524167709,0
28.24205666313082,40.320775613325225,90.95866950537773,0.33207389082382044,1
3.2854319714176183,83.36440104751723,63.38894618324419,0.1549417853379359,0
38.776380834750526,81.46710047099891,7.19067173164456,0.849034513283473,0
22.66444173740138,61.183102010322145,90.9005588835703,0.5215995129911216,0
26.219513466379002,37.345794513270526,95.77666581762226,0.9332764123790667,0
22.03813734691141,25.533637376324414,7.771241839172549,0.8060165046030691,0
20.0381530437663,10.587431821312931,53.23602348613149,0.6929717937736674,1
27.982016565410895,35.4897683486554,30.336428221417044,0.005025503365311934,0
7.762012296535625,41.31725172077195,39.283907648140236,0.42782345663824994,0
9.096406524763555,67.58229251040736,17.965121795534188,0.1974862816520323,0
43.089281050675865,65.81598242975734,57.807210201241254,0.9107979110488678,0
47.305773106681634,7.0108139641256955,95.79793532488907,0.17458398467636027,1
18.665465813987648,39.525931543115775,50.30726002716091,0.2860600516592855,0
13.537233657177689,18.177886721736193,8.291458139448116,0.5168367677344992,0
32.19997716195079,15.68127053168057,62.000133347740835,0.26336361899807925,1
20.43670855490482,,34.022299445125704,0.20986467727912117,1
1.269317783017243,4.191521671625753,85.59251895912978,0.5990993251027524,0
7.807629868309518,41.91828759021213,43.467814831647026,0.08892952275502386,0
35.798611442369875,16.82036557665182,19.28396089422456,0.05816775872092472,1
32.94619709550757,87.9330215678474,19.110562269114496,0.3722452951860714,0
1.3547996251741745,55.704051327503514,76.87641807211604,0.7206644545078623,0
11.098608096647473,23.1380636376848,26.55875983073599,0.554806758273948,0
11.55373982940357,50.24272871663764,76.7233394159223,0.42287646846677884,0
33.59463717993642,73.14863597031159,20.58873107665994,0.5657515642245824,0
0.9855268877182077,95.81180089194338,32.16863687013094,0.3654514846532736,0
5.2054290992286925,22.044600424541894,46.54869724396994,0.9361463354321129,0
39.99580426865947,88.61817721293451,94.31958496934507,0.05490489091077433,1
8.92723310271668,93.43041141674902,93.17314247538246,0.6733914790298352,0
32.63730539259374,91.64205445320663,20.68718754222878,0.8912826648277505,0
11.909139052336325,63.54143568619099,35.82190412430728,0.8038847087352534,0
4.972069637967258,62.982065443470766,14.939938845377231,0.18404103482144674,0
12.158609549972704,40.32106331838228,50.998507931349714,0.29592634898028836,0
36.11334659278296,75.23978823037879,46.05825506946666,0.7170479387071047,0
42.784823405314285,53.12940183509319,90.07601624507325,0.08427055918076554,1
41.51099322834958,67.74380712282945,93.00053777910726,0.811861699832584,1
19.85917648092274,42.84579038487954,38.35673910072921,0.7189069446047903,0
33.40425682853231,73.14964640431391,49.173794301898944,0.7296066492353426,0
10.249214770791049,82.4471517604549,89.62362491461332,0.10024137026759139,0
14.657386513050664,14.64362566028161,80.67078077450614,0.7177605448162309,0
44.81679092605599,83.2929715574228,0.3656311344649277,0.67981812521997,0
0.6500961755368018,54.029653179030724,32.00595641835825,0.8309224908218505,0
4.2754265427234035,84.46659090902243,42.17742419361259,0.0415959562564695,0
10.394312757301366,43.13017063410146,22.97162836832317,0.023110668467792195,0
1.3266101936909858,37.904048538303506,19.957161589593873,0.37300709987856073,0
9.071771754489866,91.50607325172224,3.7784506595679668,0.14878828384915288,0
29.152078048484608,25.11692675484013,64.33697250697605,0.5583844775702219,0
21.0712275296249,84.42123252861431,26.251029048316564,0.9173489015067489,0
44.63358555384874,48.40205725094041,5.234717843131309,0.39147973033401573,0
40.87217808692205,51.40954425512597,23.097931052806363,0.8449503772726041,0
17.0908675848938,30.8468281489484,80.19139528361265,0.00024087451786647396,1
12.971171671564624,57.30422006190157,85.14891816465466,0.1685146434591842,0
18.984620408363345,32.52111962762113,48.30662451933026,0.03042353965408562,1
29.51474712574039,3.926941424165231,41.607067040868614,0.32814718051506864,1
13.403182041143813,27.199860534435604,97.78536935017817,0.9081895956965028,0
31.2074453924567,0.6379043406590679,20.05646595880699,0.09695212359898775,1
20.470582609562022,97.83547870568566,21.535928285460848,0.6064097767438004,0
27.602359042599012,96.57472098197475,29.186717703639975,0.4514959391194442,0
21.806326456765834,39.5155297472305,17.275731828108732,0.9384682123658125,0
14.723287977095884,72.8370854339646,37.93655982041866,0.12251914253709384,0
47.422665348107834,34.580609841042495,91.08342269897538,0.21202785050222894,1
38.18028970798804,67.1093157085976,61.534784062857426,0.029541968611493274,1
7.005658788322627,80.54300430459791,41.19465486122637,0.43393524963137375,0
43.42339879489564,94.67562446922408,93.44107945712148,0.2778328995646543,1
24.371559912475682,40.0212275849672,4.846423247582232,0.8699059338903209,0
44.72761134470457,78.32979829560477,21.027617790186138,0.6049408131977551,0
39.992762797365764,26.59284506321188,56.5888605101759,0.6140907379757017,1
21.26067522346167,99.03323037936484,61.55526231931792,0.5319106968813024,0
1.12346541600587,2.5769598764351143,3.9557506562613143,0.091850337229201,0
13.433867969247304,60.3528806501121,40.30387579071322,0.44501868372535525,0
27.081710733043344,65.95059816513272,64.91539648308728,0.9995051897085165,0
31.673910991307363,68.80455570741289,69.80705464034016,0.8352292908460148,0
12.894384271660114,12.038757878908902,63.813990251626926,0.8934590541671159,0
6.967803703641207,93.85297834731304,32.05632243609246,0.8232263592464995,0
41.74651183996495,18.11832790500828,9.352012359790951,0.10304169343098268,1
49.22010903517761,62.27534032398411,42.71124464193341,0.22744825406479963,1
26.28450911513429,22.267607912308495,12.875443736805547,0.003121651356409627,1
8.583964292415175,30.72164170212709,94.76236585206671,0.30351012487811146,0
13.615366325968449,54.645854172812435,47.51708660226283,0.10860740234649258,0
0.9195338273733367,41.719341856457646,31.725917435686757,0.472793345301583,0
45.71494032802495,16.02256009765063,76.63040711189001,0.6771274885739019,1
5.887554144507057,17.093640242084827,49.79485925822639,0.8745052950380771,0
28.825823775712678,41.814478816279966,31.003402401245005,0.7492171650908982,0
13.7027610343603,75.72829782755008,81.19677423908017,0.9385855957785052,0
27.708900125789672,89.79646468477885,86.7152151001122,0.053898290393788795,0
32.57101941759321,8.412766225938284,67.3008166288677,0.01217983541654144,1
41.48709018536008,39.310390755940105,4.6964422407667294,0.6613381138362127,0
10.32106358803016,10.024556372287662,56.632288016653206,0.2893524102222462,1
0.5497914329240239,1.6592480632597884,76.32949119972817,0.25350101610577314,1
6.844281503440364,66.17186826439566,13.650301208358218,0.33088708769379427,0
45.00093209240526,60.24494419665878,22.867075138460336,0.26979605789236416,1
43.694503878125765,16.301911381488623,88.24951050681365,0.5114364063015873,1
29.870655108515415,23.38128330930641,2.0121721853074037,0.4401484472241325,0
30.025843021682668,2.370775364451838,75.2727137825976,0.5124285513766563,1
33.25183372731277,83.49472056944037,47.37732925144229,0.6727136115004362,0
8.76856393117248,97.46905960485515,44.677215883960685,0.3871305089711483,0
45.72059729624799,13.545953679469081,0.7096532494887176,0.2513076871421568,1
20.938526244603654,23.147521376529813,81.93982309664928,0.16620053680874547,1
19.156926412474874,86.8409523946934,35.98249006365665,0.3494741195326255,0
25.94588526414188,92.64637979561849,54.07656313005429,0.741806475246172,0
2.3482983387527523,41.96273828068103,67.73006863356595,0.7567049101114696,0
8.314168437803971,5.062247226907413,70.26295764379158,0.6669053866842103,0
36.90168082131852,3.93918336928194,95.59800588260723,0.2340281753068746,1
4.139933396256323,,53.13399532366091,0.5880862458546977,0
30.15760547331941,39.2895108893179,39.97195509744276,0.570689661576848,0
12.267455484066048,2.8652427577654516,95.37036264917079,0.4842661981097255,0
19.464780702098828,58.32523923125568,64.21102350255211,0.5499789863838642,0
14.434686838534994,1.1302536589022472,29.81503562765556,0.49179063262366807,0
17.783635823247458,78.73719581492729,12.646424540357115,0.5654563660741082,0
35.95229525921228,30.643282270337156,84.25545014651813,0.7155059546211288,1
14.85608578115875,4.02580030092321,36.21816027941516,0.10962819440343974,1
28.32023201484486,58.835222098315334,66.04697213644312,0.7496257521490237,0
23.802520109954983,39.76844144330547,47.08164193658981,0.1358861501275942,1
33.18355826813241,97.38004133571495,19.892977979503833,0.0666279984103747,0
46.8414869662379,54.41986625037022,60.16866086204651,0.9760796862214676,0
36.62860486051252,27.52391810370083,6.068306895068232,0.9569917688704415,0
10.747018929537838,70.94388646339748,41.334245987119225,0.06043654494056405,0
1.5591567530642336,27.149200254271133,54.661493966367104,0.44325344147496215,0
13.113202214991254,90.42432914075651,43.604697411857906,0.18624493829977473,0
29.753896535012743,37.47219705073764,74.86721752509908,0.4853448971344181,1
2.5712906742125172,54.98685627762052,82.79249545453125,0.8301772429995874,0
24.818312360061817,5.0573103824228856,77.1243074033178,0.9506117747428903,0
29.84214244584446,42.61212379522308,3.881294781180211,0.6342526534515374,0
16.712194540848042,83.2363539660995,19.41287704459722,0.35390566721181704,0
38.545610187291096,80.56488053633419,53.66075092637743,0.6033255656445984,0
5.32991265668859,22.431855885352626,93.48220404438013,0.31200130610845034,0
3.756889086790438,22.60790710105627,83.49567750521169,0.9098236408320604,0
36.409437810180165,81.73053122132367,84.25345083518016,0.870400463105837,0
24.774565810309923,93.03984201693255,30.32081937596749,0.558231750279661,0
34.420119821386805,9.536092127300355,42.94478970787026,0.32479891538036054,1
21.74136693018731,45.005863942622526,47.070594731593744,0.29338967558297835,0
12.320101661955341,33.745427896422896,15.737158334991042,0.03341799470505946,0
40.955115883709986,87.06884554574394,3.1068130244456316,0.8158208510252952,0
39.970793948448964,8.352491468001876,94.69028994605169,0.45038321303900797,1
34.73482354272134,21.112594255803742,24.07125856635067,0.3251329284002644,1
13.607256861498135,75.24683375864943,23.99489037236313,0.4711103549977539,0
29.511533343454353,5.129384898121558,8.337905376875954,0.818737990454652,0
18.04869484700134,49.25353807142893,92.85077519437786,0.12461420770752119,1
4.579103666331708,44.210703467972,57.9737114939772,0.8576559882418273,0
45.86567877311214,33.44011789887487,66.70368571253539,0.897508835108354,1
6.84093154594807,39.457231531892376,91.15768872630525,0.9467079150338882,0
47.51186769104012,52.99405869302329,34.56201689007895,0.3974879924226278,1
22.300288647897787,16.136735838838312,62.15073111380841,0.21714040403767187,1
9.256646441930982,57.19958782835928,3.879945472888746,0.3736408184666985,0
27.095047368917907,80.54323292999864,18.677252823112934,0.3329120962314033,0
43.647291793820415,76.01609297901591,83.12458050899426,0.17615391250286005,1
36.61124432047806,15.389990469377368,76.67683563383358,0.6072666701014879,1
40.328057393072484,14.92494697414739,35.06426914571469,0.4766241605086289,1
32.93916833553587,26.817436774491334,37.681062777421246,0.8657009923240037,0
34.613828225892625,36.10747263410372,53.35544335535795,0.03210958048205825,1
42.459782578265965,40.84555814084826,0.02410046851345493,0.6438679275551263,0
12.483400442959297,67.96972168333453,24.124433603802785,0.7629488785115611,0
24.471248182157023,5.66804321658354,20.823180860821445,0.759486569188307,0
11.060472090980111,3.4672704226066386,25.048294674976347,0.8860739670955251,0
49.38340039983235,39.191056294390904,80.59058425334413,0.7290337428294941,1
47.202966984330665,69.71636921379805,27.967385654644318,0.9278100616476963,0
1.971340568425295,19.343534295648258,19.152132205014816,0.33265659982089146,0
35.27875862578442,64.15044812562518,50.42634607930315,0.5032094167515431,0
46.26241587078329,25.982813794029948,86.56450363727319,0.014079663282890675,1
9.028767256366677,88.60861088135164,24.134970383749987,0.006957587303291213,0
28.397261527631475,89.56899442666165,7.853624279279869,0.2401266204515199,0
45.774414879402094,29.72872042813265,35.64047358496647,0.10080719713908526,1
1.697298929289942,22.99937539632405,74.76518245649778,0.2602113679357536,1
34.871013362342,41.13039720662313,55.06905446947946,0.1770432945283974,1
14.867450368627539,24.05315851801487,81.67933695743474,0.02852002483864824,1
46.21980976882652,,95.9592147609234,0.9093041464060494,1
48.552912258268385,82.60646845482856,79.26624767516171,0.008223131388891525,1
47.213324455671696,67.3092130911217,60.38030788437534,0.7360821443370854,0
23.71071083287319,82.43504472493495,49.33415880523805,0.15214788691951653,0
43.10213254946567,39.69921622074742,4.006908634826667,0.9122296219996,0
42.22746992675352,15.631697070886085,98.43219788140412,0.8927959395898858,1
15.955023662162782,73.79509473975922,38.348112257504255,0.6539011463692573,0
41.44577370753387,36.047450514155386,15.222821391686681,0.6722341498006051,0
1.850381735774631,67.12708252291326,66.67088553964568,0.005339141969688543,0
29.81349392410265,27.064394198176565,28.428828909545935,0.984871566113602,0
11.500441864385152,8.122963480667266,58.57782709310476,0.8778326035758144,0
6.0283442888639405,99.25817954877634,58.67679078445912,0.895106225730092,0
3.847660081460458,15.620150793059928,44.572982090286914,0.6592445370508719,0
34.81443879390699,98.8420993963481,83.61186155450426,0.34478692865453653,0
16.993748188403305,97.72799325664472,26.496706155544302,0.8936486490904808,0
36.238338576438075,79.38181039080396,44.86325916177341,0.29151692815119234,0
3.2678170399471185,65.94229620819976,53.76921285909715,0.5627115433422029,0
15.764516891530517,57.78070502510847,66.36247207672996,0.0997309723438824,1
26.974564618766863,86.61015453778347,78.39718505055895,0.9219556301327502,0
39.53615824194818,28.943952161948793,39.480728287825606,0.14077045777121333,1
15.937625146603496,46.7681212484877,64.6046944096596,0.22489680573040727,0
31.294568821850454,61.93899693665019,15.061095306851913,0.558134158128215,0
44.29888741180935,41.11904758694911,93.26481005424786,0.7640930002129815,1
30.79315940911523,42.7486454090268,38.305880642100355,0.619351305936299,0
11.647973737681689,33.02846675020844,72.95214219764384,0.23213391280015616,0
1.220039077826901,56.4231816684536,2.0341081882177647,0.0009430425274903342,0
43.50494369504649,85.0574528015116,20.5187142904807,0.7571505803074392,0
1.063470542519357,20.152837800631286,48.7082544323578,0.9852073259110937,0
43.73508363420997,93.44330387534414,87.82524677323465,0.8099131203060904,1
26.4468567013606,68.90876537482296,52.72551499506771,0.46020661815661534,0
46.95338492564481,82.32732126800302,92.98704822938791,0.9037672613991066,1
39.93916178868327,55.619069263001165,48.37968965827963,0.40984767311835,1
49.89670552666687,77.95167014240634,49.044909673594994,0.5249340842434675,0
17.535590772585508,1.620039733946721,11.974678850053188,0.47712976739568325,0
38.35941444655634,81.83804247795352,80.26562441522198,0.44762387266552495,1
20.096545680462107,4.013885908536652,24.69654124670625,0.7751907692939057,0
23.99378101519544,,89.9612489372315,0.526768907269492,1
31.375273160918503,99.19627472386433,91.0824220330396,0.31671712202521607,1
43.68385570931694,29.40674621767778,94.33101118741497,0.2581581676584783,1
49.20417345996476,21.031855628579365,52.023048910309,0.037747316967433386,1
38.41367069322591,76.53633638580408,67.70937847836443,0.583195161883046,0
20.888339108366687,25.302634092025322,77.85158800616635,0.2299614154010342,1
21.06785011385351,86.55623831722035,13.10146186504656,0.1481339220163831,0
36.879115079444574,10.28425921574767,60.09571949974972,0.6538299638276777,1
11.938857288415116,12.595519637935826,3.4297901303311673,0.6812092578215488,0
5.523705656569733,97.91515551006155,49.75660833887259,0.752154892257666,0
17.731107882038827,67.38388982700046,15.48426816202274,0.5035768963385915,0
14.361949582704087,84.68872244289528,18.29229259620847,0.8940546052038866,0
14.815406022799504,32.4329377351518,36.50475666926015,0.9363427533982278,0
11.680387552495496,67.64837495206044,43.243716671650304,0.8073709397924894,0
2.104659481818094,59.42418273085972,62.317242453218725,0.6355934820081872,0
0.8936967366706905,60.3150120122947,7.442841843851566,0.30372095359118867,0
49.386119486801576,68.25324595377215,50.36917612374447,0.9829449216202212,0
21.388656686793116,57.53591731290986,18.262513025310113,0.27413616719193834,0
19.216332357984083,42.906236930266594,57.397517503174186,0.20265692199043106,0
33.982364134653494,27.592269438054686,63.74046122611835,0.44215411378658276,1
10.912694393253208,76.8581330913202,55.67092565528539,0.05684057071238846,0
47.49805919751127,22.62724300031862,73.82955104783076,0.9784944646717908,1
39.3172507207776,69.23543061544142,33.56092442409013,0.5884335564164248,0
4.470550115612975,23.333282264932663,76.5106591633131,0.5569520916641753,0
20.87903878924642,62.53301699544539,43.27670817081937,0.6557962798997199,0
43.95591537810824,74.70782671290289,48.41844983225968,0.49702364777720665,0
47.23660111457051,21.87138889065392,64.81021272610714,0.03206351709454158,1
23.370075562493486,5.994330086130828,1.835838399922396,0.6123112888403968,0
30.670569460535386,13.097374299417408,65.39942214202483,0.7161738769564306,0
8.35169730460376,60.59969672710255,61.858514907211536,0.41674906062405315,0
49.558431306848824,84.94464062257356,30.984711675327993,0.7572955720711929,0
11.58358506917217,4.499682123542437,8.579428489948949,0.22700129933842061,1
47.136588706756285,73.41512590416463,9.093544991304114,0.22127659106618403,1
32.482332449618426,34.13186459500521,92.32237469852286,0.16141698768757395,1
30.386839743942957,47.85283699195225,68.92793212258371,0.37199475978916186,0
25.63442555082543,92.88595498455656,12.710261377074039,0.8470120353890835,0
11.533490585887934,33.19715047358455,35.67231693089064,0.8279120621490643,0
8.826401600275414,46.5336933939486,59.248299390159644,0.3828242079635038,0
11.024310453508768,1.3682414760681105,83.55717050906487,0.5891187359802366,0
9.321913107212726,8.159872000483837,4.366092871300853,0.7208163164749156,0
38.97922367833767,,23.663313147000885,0.24120677462802298,1
17.506262958336507,2.7852240821074403,88.97489902953801,0.16814108589474708,1
2.8921338281698183,63.1375326048251,0.9165550183816484,0.972095993212311,0
48.45513150704057,42.63983568016225,20.13991027938874,0.6175573132096185,1
44.18929424817129,54.814520272802206,95.90241759729659,0.9814157218336639,1
46.387614159760645,17.464718589632955,61.34018465221711,0.3377559871322291,1
49.745391132321764,29.593202943661613,26.167136663750647,0.7030316999741315,1
8.694762460974365,66.38244748527251,6.699109439584761,0.22260363654123771,0
19.812100945132936,96.53027236303998,2.8191340447222157,0.26120017127391293,0
37.911923785204564,5.04167736022092,24.474507963692727,0.511902121269624,1
34.80103090268961,89.03843208552661,88.14858195889104,0.3196181255080712,1
7.694795316992753,57.68812013112085,41.59136542975095,0.16762156384058446,0
40.79165624953089,56.39195667556237,72.0333369165993,0.262880701989326,1
11.222028591833034,50.027853520776034,91.82850353799577,0.03574839446586464,0
11.190880741131155,6.9394085904183385,40.80404616028166,0.7044236214774866,0
26.84872114467068,8.987685173616066,19.127737103739705,0.4921166570858616,1
29.646996742085157,60.09120056590861,51.71179308569195,0.09424306640452562,1
29.00431039189056,34.09585714355583,90.80836870598544,0.1716939931284912,1
4.574341869887744,91.72680665776807,80.43744141377006,0.10253453811264401,0
43.87304313151902,40.659053735947225,6.582984336315379,0.6125928082758765,0
13.280002129435303,14.328145870264109,69.25728000775818,0.0942103636124938,1
6.475746064140209,71.4718833502036,57.18975224589538,0.7542823330352161,0
44.43740399344886,29.335342144100984,90.74631763464255,0.020510919320391174,1
47.78257491148767,52.54703073558932,12.248141685029722,0.2493757879958921,1
43.106380863272534,69.783278550517,53.40361132046566,0.8906666758919072,0
40.475803736243904,90.02641112020704,87.94626935118923,0.718531318122246,1
32.76209903195109,79.2191194801676,41.0023786741743,0.07296833292568772,1
27.542868530456964,67.63610678727241,48.19949177328671,0.8211261044851798,0
4.349337995570507,67.96331823951436,7.046067766695829,0.4930351215402048,0
20.422660653534937,,27.814364044891082,0.8467830271688292,0
18.6344258506157,29.582409749653603,32.45066491689473,0.6007397744503934,0
12.98768918801631,0.11120941961874076,94.51224487448869,0.6818330320328587,0
36.17100568442925,27.19545593981987,28.266736054115903,0.9935015603957081,0
24.79378675393854,,46.0868735269652,0.23233554592401817,1
4.052310795382397,66.18345851139982,67.13044235642798,0.6239455747613883,0
11.009160097490566,63.3711599765529,16.21833724078774,0.46032139005739836,0
34.162938182979794,59.34613827047238,48.64423871418745,0.039451952922691436,1
3.8065429745150094,1.62434432094537,73.85390394759077,0.014470641502865034,0
42.56034570243843,72.87780544506475,86.6855213027066,0.11922857781785867,1
24.757326350698715,32.353041248549154,62.62592746624267,0.6490917405385481,0
24.0293288663324,66.50559890066312,66.90535153169479,0.5671630879133922,0
29.62038923297588,55.65784285021533,12.628347258456895,0.5534295611637274,0
41.234048296257455,34.27309254279072,94.57764972463471,0.031856762528260085,1
17.390460395109653,13.457626710410775,13.257407748448236,0.46930299636000705,0
33.90080762795318,9.441889766048096,77.46729371817983,0.9246228178425285,1
28.28659819978955,83.15183331122236,26.481632177831884,0.3975918693106466,0
13.351413508471065,91.8397542081558,93.35931437012516,0.6249224697884563,0
43.9314993177579,64.97880467642996,71.99595393694796,0.7798186756231436,1
39.871301080346406,10.343411486048337,75.38137129783689,0.7839252791418876,1
32.922591732921276,40.20272168882407,21.905917305988332,0.5192800823952713,0
42.52908645471209,72.89392001051573,44.30399766351608,0.8579519454023363,0
43.364710047990116,77.9820884010068,61.78131945892864,0.39137809336374696,0
35.41814883575174,11.82186222910886,76.99736182066009,0.8886932147847983,1
41.8506664181836,,10.395937591238958,0.2402271663955453,1
34.87357308346418,71.2137045880605,96.23653164545284,0.28021640699057104,1
34.00703858801502,35.659617598620564,89.0220670554556,0.0531206241990011,1
30.930568910759217,25.448133161826025,27.034859049558435,0.7955818365422829,0
37.63583197788206,,82.2760243032332,0.4170552362327056,1
7.930255264653685,54.02994067614997,51.832392303982346,0.22911661391139904,0
44.04353795994642,85.11507354259817,46.18064815620186,0.23179027761657967,0
43.5921763872616,95.76316462725879,31.44341058114054,0.9013999412292332,0
1.4623641517279573,56.574495061328925,58.096858663159246,0.8339166004610369,0
41.290837528238136,51.44613277398942,72.98891177035978,0.5535308853571833,1
6.4434933736722595,8.50563854892411,41.09329049627583,0.6161108004157211,0
16.755942712957093,54.887280154259976,62.92191930082921,0.474325570550291,0
37.17541281458039,37.99790789653946,69.93129211553037,0.39166654287880887,1
8.03799480241541,60.71352808835769,71.11218170152858,0.9154768812183315,0
40.89835120595311,38.87263478765467,5.196609813118025,0.12561270352030207,1
41.606708897887096,24.029912345036674,85.97478056850669,0.41844678971622795,1
25.373386688041812,9.49652752283765,45.82533147650479,0.34456190798787534,1
0.319293585841679,31.491844458889574,26.241608169621443,0.49815072025114837,0
14.351906658745639,9.664483428775227,24.176450747968158,0.45763187454517507,0
30.84634591878711,17.689695082398394,48.301411284395044,0.5188895316510814,0
49.059308901371175,98.73361585795459,88.68315394689591,0.1399189772269941,1
31.59067635083342,44.41035569066186,37.83475816826469,0.5131415015132771,0
12.99017905320799,53.187176650501655,74.97257467835433,0.24241881388721087,0
31.700285154980566,87.36185287372153,9.68187309872186,0.18433134898819126,0
26.999268985792774,99.55689004906878,47.60567021510618,0.06483421878619122,0
38.99226975755718,58.27144493446815,99.16861403927356,0.7626525587561409,1
5.349031941347921,81.24738210441717,77.0437802792337,0.42744192085655996,0
38.0513951251014,32.694102433667524,21.0528488440613,0.6266436833117583,0
27.063328933805515,30.57439574472911,50.14414736979107,0.7275933433047433,0
48.149600192949734,40.27037209945602,23.362476364856654,0.6793166653135535,0
17.093608301934303,67.25072626736491,40.95609272625092,0.4705007190896823,0
31.631094656697407,68.21916892550988,78.00840237349648,0.3878985289517298,1
46.60140527550087,31.52394346494508,77.12248152904037,0.3759599096406637,1
5.125486399533963,13.320992413662868,22.810037790238514,0.6400487969300563,0
46.86142436182256,,92.22233181548602,0.4947943549418734,1
34.394286115040664,12.832586218876452,59.25681827648268,0.8491322479885106,1
3.391852955258595,57.84925082293301,37.992429096201455,0.8747019843267121,0
15.048178347340812,,50.19355807808606,0.17056037800651846,0
35.40860443226408,70.06114963944516,60.50712534377437,0.13623365154572564,1
3.367530073438585,75.34721106595967,55.98905318457854,0.6304009260359995,0
29.108523008813663,87.28594215656645,48.64050355361782,0.3012257480622794,0
17.294152847647837,49.995899196478845,50.49328040894001,0.01857071876509886,0
31.045775888373857,73.02491895295712,17.641191042788616,0.8886426693629551,0
2.2871016906256427,61.91727353658367,81.27329043046794,0.22690076724380825,0
43.576840307618816,18.663993979768257,54.176031994101535,0.9292806516858091,0
48.67444845886985,2.568964486940817,13.107986170470308,0.7174344508782536,1
48.44389276428458,28.454138567693377,76.61571015827779,0.7626534899114843,1
37.48259158714624,44.30337063376194,93.24439783773508,0.20146149579316042,1
6.504312006531599,61.71059444286563,94.7306899236962,0.23419442561681292,0
37.913159796451126,84.99593305032053,36.901773241117276,0.5212677538240658,0
1.2293458229400755,19.624571670616564,13.551687356075403,0.17209985264986216,0
1.1061775764498627,12.55497898984771,51.839962663306515,0.3054316926830323,0
16.18051095747706,96.34799474743275,11.260922934922068,0.32146247794780447,0
24.432159520233288,10.80445593764071,93.39874185126172,0.1596299332527641,1
38.52037089038966,47.84910701071892,18.357962735514597,0.20518283339516075,1
34.16476883032526,58.55637287933019,25.276585995116406,0.7885518420082566,0
22.295135318837417,54.137442090743825,40.663652688497045,0.16719585454726837,1
13.681333314083293,8.603215703294321,38.31644685591258,0.028457391843922486,1
49.856225007885556,5.702691400361937,79.4662892397889,0.6293549426289384,1
21.30906511179865,10.548342746103568,45.631682055096235,0.97598311939245,0
22.569351216483774,58.55876838726125,17.07682600033369,0.3312138146231214,0
8.181191059583458,54.43448876343211,26.72098954860741,0.1186557031962523,0
39.740477437496466,23.374079203674427,50.9113385187522,0.5703873253675308,1
34.68411128907443,63.777414184559156,14.745391742613489,0.9063542110956462,0
11.03848063943802,82.00675020556494,61.16556756460141,0.7840617798284788,0
4.119052280792134,,56.57473065511459,0.622515868412716,0
34.02496510373565,49.81299435480424,71.47023163822577,0.3150564966075994,0
32.72556071405676,68.93104121026903,93.77046153793677,0.54188017327622,1
13.662976349910466,25.23119270696871,91.22545611011557,0.09124484130425536,1
47.543178112520515,30.77709052931491,94.60756180688314,0.67894542428067,1
7.552894589045012,,24.471559702370094,0.7250960188976509,0
21.616740052130094,89.7935293443737,13.156530663935461,0.9650316229099188,0
47.18079600837994,80.99244203028994,30.22767004964485,0.26039735874507164,1
20.986365846306114,58.31302190995835,89.50851727663147,0.018456419043022643,1
31.92629738320428,73.02217177572491,97.20534746234883,0.5456084644271506,0
19.879719898139715,36.482247020779866,85.9324951070476,0.7067905043968145,0
13.710760117433502,64.09655280987577,11.00177211275436,0.790407475882988,0
49.19888239799141,46.6181591127557,94.74279980597932,0.1937389330248106,1
20.46670031575215,18.993613645756092,42.3358027350786,0.26175286903702366,1
44.70496018395672,70.17382738772572,0.9310290762353679,0.5125909252672963,0
11.497730294554309,55.646463734882204,44.23937407481936,0.33060080997000185,0
10.655235201254165,35.86215819535914,4.606916967546759,0.860511486587445,0
1.556704144225568,91.13391900786307,54.387792116111754,0.47376015373872027,0
32.58334126879425,2.0934117826733267,33.855402743705135,0.799578644102003,1
18.426317186188058,31.5773151249496,47.343493359404874,0.5806197604823538,0
43.21791249198185,5.688139777764656,61.3170360743117,0.773090141617112,1
23.66049533457786,76.65273162216272,86.88010958178202,0.33267298653032384,0
48.40967139573608,70.21074541137926,66.19015764719286,0.8314166219303112,1
9.276275785156058,33.13522187363171,43.40488684781807,0.2745723155510216,0
43.43115839778054,67.5662902207073,81.9427853670365,0.5460988080032908,1
38.829842639587085,39.593722619594985,90.55821375731323,0.21400711317387422,1
38.5460922322026,75.62537914224343,11.975996643219721,0.47552652162619335,0
42.239161405844385,45.41836627367061,53.19329775527915,0.31817520950870315,1
38.05119954714994,41.22797278316656,28.451195974244413,0.26670343063721424,1
31.31101608157077,93.4729915488301,4.706119787694741,0.9669850180280375,0
6.562243884119379,25.087909989070024,66.85466951139854,0.16007410548673062,0
1.6263089745625958,12.044733999656543,86.27707774592255,0.7873258374573953,0
46.04239239078434,58.45431132594582,16.290265447739404,0.9841649594832149,0
30.832515726036902,96.93218122841789,81.24136576239005,0.01990148374007783,1
39.826864548808814,37.783921372718666,85.33957335369416,0.699027414042095,1
24.076117575627503,6.203676362878152,91.43404426664836,0.2529118055562871,1
5.865409448119724,33.93052673095674,26.528508908605243,0.040487824328304445,0
6.259289610127522,50.593165431955846,90.39530651898893,0.4028895789566308,0
34.27826436144857,16.19230066322137,32.06627547364322,0.935217810170875,0
21.515294744973133,65.8102218056492,55.23380134555028,0.011765094366997686,0
10.026236335016836,99.77493890102006,5.050747083228213,0.5878856919297817,0
24.579727337071844,45.17394759814438,4.388108836874361,0.5013964785953243,0
3.2104468537567046,35.472855673021265,72.03732127322029,0.8733841643710475,0
29.09857009571994,40.070416683446666,44.4479977977791,0.08400171452062566,1
13.449670221754884,,25.629237536921757,0.6815260298866503,0
39.87795503185941,,19.04134960249102,0.6801096984332773,0
15.518097946178688,,66.9953490859218,0.6690800168622832,0
22.76100745409006,38.72744114248413,0.04015440253398728,0.942334494935037,0
0.5810269954050318,65.96902729304743,80.58911691968542,0.8230875290068804,0
3.622344389727944,44.203342093112354,7.924960612992882,0.04197272624350601,0
19.62467782033424,64.8233468807846,19.148961490811946,0.47108285070451317,0
23.996941735856176,6.144629013078751,38.62363952990896,0.3979530562013335,0
30.001027405965186,81.37233437222274,48.48587397161036,0.31014722109080206,0
14.583128935465162,94.05039528794026,35.49951158139418,0.4513367251540973,0
34.74909430632713,64.8765386159386,32.071216498429386,0.38419418492597746,0
43.00611985946023,95.45659288588108,96.39160120731884,0.43233389987866533,1
38.99254944466749,15.143231436996329,64.15796812433942,0.9792618656086425,0
1.9809412674178573,47.74161894803537,2.343295536738821,0.08863297474958076,0
24.02534736289145,60.180673394544726,43.01759084443132,0.9222308698387298,0
5.246508920908743,58.17366474211867,87.50086997439702,0.4802367134710267,0
12.102250793126373,40.14617790890432,30.145618641066797,0.6237422454995412,0
49.333129663357326,33.80844093662614,9.455634477438824,0.8301829666176939,0
7.124777145075662,12.68240225504188,75.83847715899178,0.36046302914925554,0
24.944407672567802,39.17424505622782,60.60138319360813,0.4304219080879669,0
30.907786715905956,16.266081510548513,57.03125078265039,0.40951848027871396,1
35.1232485272052,73.43656764922184,5.357655960740793,0.37473102253575985,0
27.982434174345705,20.883093549458998,14.049900979551733,0.9255293216468949,0
0.48854237095918296,5.856530528453385,62.25493962131138,0.8289298911930121,0
16.323065412199593,,20.782384145883583,0.1089999898629761,1
25.885582169235573,59.52297327194016,50.40700797484243,0.10812335247709604,0
4.393324957241668,87.19130612805056,54.488168602939346,0.4278695148529912,0
17.53134656045904,57.69816124176819,28.35071902709394,0.09865737673280905,0
1.6601554395683282,34.54808537234457,94.84251555414929,0.6190930952711197,0
3.928924857751037,80.30118815263205,84.24641068355751,0.1436916072617339,0
19.846163810079805,54.027889318742105,72.23735076327985,0.5223732639668011,0
6.635787702153017,7.928028463119174,7.7993866409409085,0.007219947003717753,0
28.37704241307791,56.58505603132467,10.613001930901945,0.3165963484126467,0
34.47324845686329,90.80185454216624,49.27813458649557,0.6771907236726554,0
40.029334955454146,39.631262549822054,16.071334919098568,0.48403894022784844,0
10.007512212240504,29.632580189980008,97.8265463529474,0.9782694859989881,0
8.374129112953488,14.346945701802005,15.852023402740944,0.8741037960662108,0
5.228392016720012,15.144552193535732,48.746783546397396,0.3590707790431512,0
31.821512477181834,43.27714843418189,36.41210568415054,0.0454865414722746,1
35.32378632434506,59.56798241615295,63.938642145409794,0.8456263001150188,0
1.5793072412821019,8.061540516960175,12.90364088894249,0.9112343103146714,0
46.81061231218449,93.95685890251657,43.03164280423909,0.8206273934190368,0
2.5985641825736208,75.51336174451959,27.470503280714365,0.12794994091976486,0
27.06481676505352,58.66239182836627,88.77515246716881,0.9979151344122877,0
35.453025972545824,82.84386709389908,4.058571213469508,0.25858422155277383,0
43.54845618730428,8.01867568121133,91.37274940064593,0.7242049128083701,1
35.70434660662139,47.68388777331244,83.29941385530005,0.9080348763357216,0
40.08640415348959,63.00931268616634,29.757071644081545,0.23568711433070944,1
16.972509627140305,82.86529061182893,78.92906546771047,0.9082585546770661,0
40.74125568732561,,3.121356033874756,0.30948157919486696,0
4.005742319233757,27.706924971339962,96.68655502933936,0.9764132223840561,0
44.74083280302638,94.08801695592042,52.65949425897893,0.2812600203804746,0
27.37961880768681,12.434584143087035,30.328102606544526,0.9534358247578352,0
40.864888498124685,87.51336186211522,36.25832125946771,0.053544650892674905,1
22.615914225915006,97.09402496046185,6.640535346049736,0.709272011669813,0
32.178884759826246,17.715352322262557,98.93495140420391,0.5321111338370037,1
26.320133046805662,72.20660642037853,3.9291945150692453,0.47787707712273064,0
36.579476087766594,4.028551877799846,65.49071231478591,0.22349431425584,1
4.081499101529479,40.542282513915495,44.273592770645834,0.705595789776492,0
3.01760419952819,51.6283299197674,94.89162181887151,0.1908094914463071,0
12.355161700507322,58.064522590963406,24.599974030679515,0.5528417959847682,0
7.977234005659417,93.59372482485595,53.20868239380113,0.2532453630402508,0
43.589178329610085,67.22506872941946,48.2356208582753,0.9556213797813561,0
10.960699367902215,48.1277951219237,70.28664440501014,0.028631193835652824,0
48.79326279095657,,6.801023195242051,0.19972828011123656,0
16.844789588555344,95.05328209544089,19.378913002335484,0.24231060638744772,0
9.105895784434964,2.2066148682290843,21.456482009284983,0.4140678257678164,0
39.484925357123956,98.25212722560387,73.81507548416897,0.23273024187005353,1
32.935388775043805,8.613213906368033,18.913869632674007,0.49134909026878526,1
24.90978582265695,81.43867792687614,57.349176389097664,0.872465523258539,0
27.76817754688156,28.033475255141248,21.52438205009537,0.7120634214091708,0
35.96008891361319,13.217965775387174,86.16249500839784,0.579961980535111,1
11.422737066564936,43.98556397138349,94.21854544896385,0.08900317798267965,1
49.816695802837096,64.39565794476135,51.84929749422405,0.6939921083892756,0
48.73965810733915,38.0951845023475,35.23088842091783,0.16641428431093985,1
32.516284317346845,5.456540828269896,23.405777501749913,0.786367385961698,0
9.977122546457256,,4.978100152304377,0.2500567585101532,0
34.01141212156457,,26.85000761974954,0.4170487283209009,1
3.609920448958792,38.32153659472517,65.42357799453178,0.3504702023179279,0
1.5326251102903032,21.633277763082702,53.36169313092108,0.8588139146748568,0
12.884144425560685,44.25773459328154,94.40412782809274,0.12654445871340814,1
23.131147836965816,4.836271104878087,39.62772624917006,0.5656448823847886,0
43.413625270419026,82.04875844802748,69.38633423283946,0.14206160944306223,1
36.3584534883154,82.63408109501867,48.93227474751214,0.7047958361321867,0
37.13532605999905,58.800046342962844,51.25762159242117,0.9050781277944812,0
21.27466672240377,35.31028889383895,26.777431460411748,0.4346076538672534,0
17.296749627348145,,45.49507768419997,0.4880922602649759,0
18.551938149230136,55.46870247883672,47.07849970127073,0.9274228364827622,0
49.38247818680289,82.59323085500162,70.66425217489339,0.5209913886493571,1
2.005459570624124,63.14587925830206,94.06399991861139,0.48759843804956093,0
43.35157480612243,78.44054732127972,32.93212774825043,0.5783291027043042,0
28.93377042861967,59.856299321776,4.2200468581298445,0.6892297363629519,0
21.930770959479524,41.41410682156662,49.62951255006397,0.10688337508703138,1
36.262883020756824,95.79458599261376,54.446133214916856,0.821110527741516,0
24.333447071235142,54.11138248788448,16.844055113191526,0.43550502745325925,0
43.67116190408303,60.50895185405384,76.04646062760668,0.07234850989748554,1
45.035093200562926,22.048763941474924,98.49291084414916,0.7861826691982131,1
21.08604634367277,62.565078942727645,94.57747170084609,0.3769499716862721,0
13.841389861752578,57.160764948294386,19.71060388236522,0.10036749509505394,0
29.61751642966811,18.483839794702494,87.53632399007607,0.6337790395432505,1
45.61816728083455,5.958709735314372,70.44936364116847,0.8801313534336417,1
10.533109450283328,60.43593197147711,45.384656380691155,0.8877535094139863,0
31.148329178174137,76.36922693503206,54.0610994324729,0.9576634748089732,0
31.578011004626028,52.34013709220082,84.9600174982458,0.867705459766688,0
36.65565112076405,,48.01349396383732,0.002140919345475223,1
6.57838425636299,66.65219766930349,37.320736910512686,0.38024116641339023,0
35.79124823410443,8.010572660960225,49.32474930259858,0.818542579905503,1
45.45162603328205,44.183370480195464,57.91298040350491,0.3662530059984742,1
8.984155443512098,16.33667583984202,18.907765377834885,0.6015485063797061,0
11.877166246193882,18.445905105988338,90.09077302669907,0.606316947374532,0
48.56975470208198,20.229394915820365,67.41869488296139,0.36502530403882305,1
9.048847635474488,38.67070570439779,63.326891733748894,0.9044739272812876,0
42.71925466847895,5.115020562039763,9.949622618063813,0.5032283453861176,1
24.613892822401738,39.77934409290982,60.41739381725918,0.4647842059375008,0
12.361553720158852,,12.096066223849233,0.9975137456618959,0
43.53749506362557,48.329428496632524,7.869767519539906,0.49350036407261666,0
22.265262750133274,38.27841004030405,52.73108956423933,0.17839825192858105,0
25.74086769648451,83.91466080707525,40.2785534046495,0.513069422863438,0
17.961668469988286,14.53266924205041,58.88102701562232,0.81401673551993,0
29.64754257174637,50.5696743781374,8.92221680572386,0.7768603268982814,0
8.176193629251138,6.20414169565543,43.09830628472584,0.788581765108471,0
19.554076832588034,7.1155678877909745,17.4786715045158,0.7080237839979118,0
48.470616116764376,57.38658496770963,98.71000859241165,0.2542178290666882,1
12.906671635056377,,56.11502124351744,0.8620840858402314,0
32.83683322706461,87.8033512844457,68.74368609408673,0.8934434653762651,0
16.259503211234744,55.78736756600732,32.541828068260784,0.19415269661854906,0
38.67365628433003,95.97910204048502,9.473891477934416,0.13045563655139392,1
6.543683035917491,,97.58708627835367,0.975604968589112,0
48.491052253927236,9.800768478074106,28.62590353831832,0.8683239636503679,1
22.68947706918196,4.40658615703814,42.38081851735742,0.8932361472099467,0
11.802523167323198,18.527685033354004,64.9863921702575,0.8863763846243952,0
3.6748373665006326,54.12701109416781,2.4697297686111286,0.5416868240337284,0
8.487895254377037,64.5572181427428,81.0259130517287,0.6464017366657997,0
25.988697427800883,4.55851579486688,53.65781900286203,0.5453628521336417,0
16.850158821564314,94.59708898455993,27.821718706882216,0.05120634919032907,0
41.44416829413047,84.2165376650381,6.160798529246925,0.7455030853527727,0
21.544376183090296,29.661248215709314,16.249841547444145,0.5053320333358803,0
12.435713629381496,7.718753022646796,89.50338588534369,0.6477090747902298,0
30.8572493302015,16.98870732190573,68.60242239358911,0.5026398049755353,1
35.33886084427229,12.694441375497266,24.990172163688985,0.49181132232245595,1
8.352095395047494,12.328377929894685,6.560076494502953,0.17178910947776682,0
8.380960814415882,,69.06153123866363,0.27871371514114895,0
1.8335713466771486,24.58474424934003,57.24077259677651,0.1588526919439558,0
36.82010075328203,35.81397165291445,40.4519524458235,0.19566629562534243,1
33.190226381090255,98.95053333843225,36.361144919006385,0.9729773804203049,0
23.731543787490693,68.43142489253448,21.68142759291083,0.15311344577219843,0
42.20852244845986,94.89806670470014,66.96112565375176,0.26927042430520765,1
40.28350764750266,14.255655503311559,97.06680277938705,0.590589657738585,1
29.267718219837608,38.21394748325693,17.571524583682585,0.6101785762366418,0
43.41356402566293,55.47318032823543,59.71166200155034,0.15397412974382907,1
10.292060501838412,7.675806188873802,42.41850557459762,0.7937174257852123,0
5.595980969886394,0.41874436279578653,44.668872174466486,0.785202867912825,0
13.487480575849482,67.04343337969175,25.41472801278144,0.2373177042038911,0
2.854342804465743,64.18195168014353,82.5134875661419,0.28866630267546045,0
26.5584764000516,41.07888099996118,48.52556041472411,0.937987865459497,0
46.830284614748074,48.96440760320326,54.34058521982641,0.8256714459794781,0
1.9671770334254823,41.54430005920896,30.476091279732575,0.6977970330625238,0
6.10549570050134,2.4005044844888856,18.180846566694974,0.08223322151060053,0
22.609951414171764,33.537160621746246,8.591038820282048,0.4182640809025757,0
46.69375087639524,17.708225539728982,71.41191409249159,0.559301872076827,1
15.807805248837525,9.842418910136875,19.623428168785562,0.18741128798377693,1
25.361740434419623,95.67204338893498,69.00753541887977,0.4482265821082245,0
2.078642952519605,59.935972504216565,39.03764460469539,0.60102587748869,0
7.417160048104443,72.86562842366027,41.57748009896515,0.3273766801153992,0
49.33150614794234,31.53637432661175,46.91774960927717,0.7809448189504872,1
48.25593482180228,39.31471294940152,36.77085081275432,0.8404495816388055,0
0.24699904672048079,,10.061997722259008,0.32360946943407076,0
47.590589271161946,9.696567096542474,30.963181000284578,0.8386571544924571,1
31.95599689077502,17.90316374415838,66.37343606939385,0.10357656610301502,1
43.39591472600111,79.75140452964858,66.57844014688709,0.8377290986226563,0
22.736992781692955,67.75458051837758,28.622430723999436,0.1527504316676166,0
25.77980142896251,54.69288759854769,46.0102626557688,0.08292715250972604,1
24.44232901284601,47.508987286676806,19.344722801193747,0.6417754044410112,0
33.34321287730522,92.24342836561244,21.037208152983577,0.4719373657552943,0
6.982562737815645,7.273494777866841,2.3047088406607408,0.9078906004128328,0
1.4986794936338976,28.060081323791596,89.67465499077446,0.3631891960908492,0
15.396497079559545,34.9937853570714,21.07066650749062,0.2871522634376287,0
35.23403813683233,78.24258122127878,22.75338769364633,0.5007349061441984,0
10.092672606147419,99.25146201619714,27.96014326451318,0.4559461857686613,0
33.67162166624587,24.067051475715306,12.7408071695429,0.34442804621718826,1
48.49560230536352,87.43073341370805,63.92628831813628,0.6937412986983286,0
4.69503578947092,83.06227604317912,7.514295317758657,0.7595618339139083,0
33.630105911256315,22.46573976417666,13.420242632635027,0.8529839690301366,0
22.187510965228558,39.933258019922256,64.47567265900929,0.9728566047103429,0
43.40711271887527,40.96728692925191,33.96606204814427,0.26665619213250447,1
8.857489472369295,97.82206685265584,70.7947826701189,0.7160934824899615,0
34.63129761130823,18.089190137889833,55.742474467014205,0.39425823549574524,1
41.90576448240551,79.91579711047821,25.602117306151307,0.6770819719511081,0
47.230710973701164,33.419271417310995,65.08279504893281,0.47598169034922033,1
34.16240141448229,73.08703457761604,11.627368029288066,0.9937731027679316,0
24.858738200421364,42.001100429566286,53.64103830800304,0.7289021357907499,0
30.892362010060694,57.835976311654,43.71481050450347,0.9524913004343245,0
43.44524922393591,83.26117733261312,26.787358281744076,0.8349695494811857,0
28.530487331941483,80.41655649838842,60.40049977395001,0.9029010111633711,0
1.519352984841843,86.64231835397001,87.13335923402825,0.8144191972146749,0
46.54743477534889,,99.89046997630767,0.4591591303759114,1
34.476337551578055,,60.77627687434245,0.2517884533468844,0
33.82566928886233,13.998737672176286,40.470587432917014,0.3703201754505222,1
10.783757619885858,41.5818568018411,22.52071002162016,0.020236232639950447,0
32.94427351163286,54.858841505468845,25.709608939511174,0.5239931674646672,0
19.693220282707923,40.273948474683074,47.94549781497657,0.5050578002704087,0
32.561648852074605,,36.72777012807092,0.5252504648304882,0
5.3296515153995365,99.65263087986192,91.38145226249442,0.9740312249720638,0
32.8922652301518,13.521731371285473,36.82954676557095,0.9114540034548393,0
49.97068628853333,67.54560453364256,37.34445911454355,0.161712778330108,1
2.4106019430278014,39.600096638561524,38.35345124339769,0.3688825215558892,0
48.858709211065865,13.300979890732878,83.66202103676581,0.4239561794632619,1
20.345398036143532,15.873676337430954,65.07883208469019,0.36053291785164776,1
43.537672516862955,94.92731062456168,61.416885031889265,0.7984959636039131,0
39.11927420291367,87.9601496711762,33.41430223838622,0.5240376698675869,0
28.35081304933339,90.70419604150219,81.79041768324394,0.572099816971625,0
36.92246046256633,99.15327758273865,3.8363861355701134,0.8530135589879255,0
43.9257780650674,20.831539000851794,87.07971723381132,0.8059281534153586,1
20.20701608255165,35.543933736406174,51.27498997939296,0.1322115228202997,1
16.351658078161936,66.92190299248666,39.82502348634128,0.7139145840836343,0
33.379669278179236,48.38025398606472,49.71672807176857,0.43543612890203554,0
40.39229709706293,41.83895333783335,66.7415530533831,0.29464890306250047,1
38.11425673883079,35.781124933559305,1.276542651789736,0.050018820902186345,1
39.89068244293173,59.37806319434522,87.15518564582477,0.48724956034545097,1
21.77916574064665,57.5593428640082,44.673952531139285,0.3554366807245314,0
40.89171080875108,16.14578340642401,34.296651970007815,0.2515130396764008,1
6.010452768530422,47.173983751843906,13.82455656340571,0.6946717295969576,0
27.224454898042477,55.347177620984986,43.94653743584421,0.769485387315587,0
0.2879330249060785,57.02869387313905,49.632277128437885,0.2447895190294248,0
16.229291495013516,21.01071929123518,40.36466944934778,0.049447436679347256,1
18.323076743569892,74.22713922522868,67.86600938268971,0.848752700565235,0
19.80863458046277,2.5199094821069634,42.0896528759226,0.009959741204303318,1
34.773360334493105,35.483185554316265,96.14175778465733,0.937112493921472,1
19.427905063517287,78.02126485356335,59.92775178235918,0.6276198739827059,0
22.43468113112653,56.389292105540235,80.74779356519089,0.3218466352013203,0
11.877206543716373,26.116243251086026,10.935590310947884,0.2464779095767362,0
18.662589581467003,69.49531193430477,39.72912929459057,0.009005664264475244,0
11.363481363157574,56.73909441560734,33.68477014471527,0.23547141701087715,0
3.659796188422182,79.62436094563871,56.94823881365918,0.1377283015171411,0
30.172429669068894,73.50251861898234,86.11135200614257,0.6121662207231456,0
33.410639927750815,61.01079220362347,7.833821776200667,0.1665455885938013,0
30.974517300480723,48.8177675310814,7.257479804471078,0.5286298375366193,0
23.17470219002862,,85.03177081575988,0.5901164223444708,0
18.989289008961492,26.133301788538375,21.285008603835742,0.2980416983469145,0
43.16668247859126,,66.87532544498137,0.035064949018718705,1
25.954089256810903,59.92992870063887,54.28781323608052,0.0372538806141961,1
23.95909388148655,51.37078552153048,83.28935948872295,0.026347332193917605,1
1.2821032903217844,28.818452595952948,12.508890983640352,0.7391246671365462,0
17.06239138130782,0.6464357789710551,12.978296572261128,0.31800970481429813,0
19.009780939292853,49.623922190081394,55.681836027830755,0.7963001859676636,0
19.941139044845023,28.56259885622431,94.63786533583709,0.43173282384284917,0
29.008618461366613,73.46083007105351,41.499775837075425,0.45299810082996383,0
26.680127336343922,2.394626527048349,32.694210025469495,0.5128826025095737,0
30.39525463967223,58.482781130579085,60.66893231978858,0.7130314563751039,0
38.244163077106414,94.14742375060654,93.0448600545031,0.27350286582970706,0
40.649286935804675,17.440926711149952,83.69278328446237,0.1215873495335269,1
35.90615381132472,47.16494907505954,99.54836107332198,0.5560573351914615,1
47.77618479774674,9.142199181713817,2.256858320237709,0.32697762324273927,1
0.9116291338180815,62.56819122613526,11.285814471276224,0.4424913136680374,0
9.788899284177305,55.05316805962256,60.946776336662204,0.6469467083373054,0
0.378143748907106,40.736552421283236,82.05764393338497,0.4941257411412706,0
32.37373570773015,52.13770214737412,28.524434230676654,0.6202788171008429,0
44.90152744749935,89.65746584690102,23.921108803421877,0.5442000021136278,0
12.174114828814965,19.629430231106703,78.69757993812009,0.7397963719360992,0
46.35172723981533,2.2564511705347234,5.638185385323158,0.70593661771162,1
3.0133695144780424,86.16648846991009,36.93826475825851,0.5341898918086192,0
46.72180134027572,57.71170823879065,50.58092225923298,0.6789030208597069,0
17.58113436198172,89.06584554618424,56.03486743503234,0.8735596022726128,0
5.071041422460826,59.69452234131726,72.86151567927769,0.4322712877881686,0
24.29358795931628,81.01610899597024,35.48457234306582,0.41276307274879365,0
12.838828386025398,42.967336335514794,61.26843446746072,0.7642456208523801,0
14.243645098096142,74.98599312882688,58.53754227909563,0.582553837041994,0
15.364498246314328,,54.76161006537471,0.07100678022258855,0
40.15129489163317,,64.04832931422122,0.8921120156910813,0
26.958063833762726,18.078515056237954,25.94491710680763,0.030783102237640136,1
15.565384957800182,26.879761503019818,8.464875358462898,0.7483963562097431,0
30.51668916554592,19.86445768974058,11.927167203974342,0.7587941427043129,0
35.80753371115968,24.685702759573292,22.458238265390108,0.9531110852819304,0
13.631200036676688,30.64154493510364,50.01979355227852,0.054134408402320755,0
20.677455076267577,55.51337867531885,84.04427505460201,0.596856860784491,0
6.0943046668473775,58.79916294638328,70.12933420883842,0.42784057062705294,0
9.057467476734015,42.649974724186116,78.90406042020471,0.330632954859542,1
34.05589269824914,61.54207798208354,35.09756239260914,0.09031856029907304,1
9.071917384781347,8.157492561136593,40.465374164855014,0.5626541196713092,0
26.258169183353008,8.778823705815997,39.368188599061284,0.47904072567461364,0
35.452313086121634,17.182946035765845,19.187318440450152,0.10455445815102427,1
5.343846154737192,51.80774980403447,6.121665814357202,0.6124895070970834,0
28.365610981445176,21.399467869831355,59.09160928272268,0.7379531202529385,0
12.828139185068189,28.328440349257733,98.92166834205861,0.7672783010536482,0
48.14634376187899,40.03128361729941,16.682970495026282,0.9053731882624274,0
24.177282335996235,81.18661240103798,4.6684819899273755,0.4094707418887772,0
40.299627488757906,1.3862135912860118,77.9531681823933,0.953072768622137,1
27.511327107813088,64.93788202366224,25.25860066847242,0.8654294050826861,0
2.170626642740958,66.88765310406853,82.96438053529283,0.29650157102393904,0
31.657568779701116,79.86557803566366,70.39366670345154,0.15928303734945848,0
47.570167110332854,93.27529390603132,94.56735370508046,0.4353893961280134,1
30.08059100731656,2.0137848949289827,40.8927235756672,0.4018987079559666,1
40.95944297133951,15.378370551321618,66.19698394506341,0.5757193053312043,1
44.21032316742039,88.6171294055993,46.48547808132707,0.583386232327748,0
11.403988597446624,45.851856218701535,63.05886973085435,0.7499869843799752,0
10.602241995411333,56.459063893346354,44.95989060077373,0.5098899482056102,0
30.549049442549585,66.30272037231474,18.863224642407484,0.10482264094076554,0
20.551423490335235,67.90666044956374,50.78974160033809,0.8582913355531061,0
41.99306514333602,93.17404033165082,52.85842014374423,0.30976458318518707,0
45.00115616990056,99.69494174116697,81.0603848260161,0.971297460306592,0
17.671068965135905,72.01574609309402,73.55207057935812,0.11786010867977015,1
11.843527948724104,28.72212092051508,66.3791623941444,0.9582511722325032,0
39.026275762193094,87.97524022943436,11.338709555257253,0.09101180688251698,0
13.740301777406804,4.922091454076161,72.0616290663715,0.23103613794705946,1
41.13071592568392,,50.03051563545148,0.04657994208654159,1
21.18691268243814,89.73857174637149,89.40995361061593,0.7051131466389949,0
33.37749496457352,25.619151443935493,91.98709341305428,0.8502987365717918,0
4.776765691733409,22.065105962174847,5.515659060178546,0.4340710818159804,0
31.19296623382865,13.812529314024724,82.06415603544788,0.9285220750424297,0
22.588383936861455,,3.769739042267062,0.5902990717555996,0
29.330423158773705,50.00582591910867,36.716962569502265,0.6300071354465232,0
8.400710387243171,67.48932030541548,54.22999756210791,0.8454192017007699,0
36.843687247209104,23.906638407502967,14.810079862712744,0.2968002050518389,1
43.13985387716143,75.80404210112165,74.63138125690769,0.3542657213276258,1
10.836990004538782,76.00055449620984,0.8354704172138572,0.9059519191946444,0
4.785727776008086,31.259802490830012,16.859904843403683,0.9009634960387638,0
1.1819293023168198,41.06826330102828,58.07968298534757,0.9764827762008709,0
32.0985750221633,20.969027743020085,71.43875620372924,0.9018383164416711,0
30.35470180443904,97.65610233229043,91.66431026939162,0.1273720360333609,1
27.334870635703503,64.56025770584117,70.54966519346239,0.8237242861369873,0
11.597354805798771,93.45438807155155,67.1779270254866,0.40983847810959406,0
19.545299795275735,30.338554362913317,39.43411463506643,0.9908013559459379,0
29.72381675930865,78.18909129968897,0.12844255268014138,0.47228096432880107,0
24.83834294295847,76.5858643884742,12.015925873562194,0.5538360825022206,0
49.38927601074437,69.16556518665415,53.455454475603915,0.5297749152567985,1
6.8219876278366565,96.56389752668004,67.51298858444197,0.3217370298582778,0
34.75722770237969,39.355533610631554,41.74482838964625,0.07502208889291817,1
20.215938405214608,13.07173235897573,73.06790115283903,0.8956512304019185,0
21.409980746280738,67.17088592440608,52.186229533217876,0.8026758125262868,0
35.87988828290881,72.93098004772062,7.4176195594312215,0.13952678055966927,0
34.62180756621848,57.506057345881466,19.201625096794885,0.7767682713500729,0
49.56279968510942,20.681789313339628,83.99982232439429,0.62584666605061,1
6.419714472706262,50.445594166935535,72.49127466244396,0.4091437879176223,0
5.205482469208317,31.21897365691294,89.4761987012495,0.2540211490955627,0
36.216940856437056,42.746652816668906,11.755724912093656,0.8597287835022325,0
28.919345850320454,64.52185758446639,99.02225346150739,0.700188259294053,0
13.708033327990293,74.52147426908346,20.94067139499336,0.5477399094691369,0
3.9709684494493303,23.22246909013431,1.177987628664201,0.6095685338984641,0
4.282912479821527,40.532536064695336,99.74229390535541,0.09106618208218098,0
44.70954373320591,26.91615709916292,28.107388544511313,0.4739197609111919,1
9.593366235937145,19.86316138618691,66.80194525125599,0.193700292785702,1
16.16857810577604,78.33872199958384,17.66823141763052,0.20838367900882537,0
11.3328201113494,90.92526944369924,58.022853219914175,0.6613039622868667,0
17.749815291596864,37.02321856845767,90.40349864545593,0.9112561518342881,0
3.4711921373046684,75.12789243737669,32.01811674284386,0.40375661047834654,0
25.95298954541352,89.69952893644111,67.02539760443592,0.20774927301219037,0
3.380628179610745,84.61242105302316,18.79035887984165,0.6487469372366542,0
40.01782539111808,18.28133885392259,62.479539871872525,0.8711870463503177,1
11.68560409552165,,33.64503518175101,0.7483188011224908,0
27.00059573022553,37.66764404294625,21.12082585879517,0.8687572305365872,0
44.00395437807291,33.92406611738363,31.318205070363515,0.5365546710107993,1
32.54386845235971,6.2431327277780335,17.884106850779936,0.7518762443691909,0
26.647889327566766,48.6173654104883,90.19161078378828,0.14006455935893647,1
16.21668765576878,10.90136156409287,39.71868863171289,0.3482746153631915,0
16.650095652909897,24.853982092742598,24.527930497436735,0.38954916448152244,0
33.474347759909506,31.694262176728138,44.840784101593286,0.5112957462460346,1
49.706968061058376,80.8826323491684,32.053616680649554,0.9290763602568237,0
33.09195949246893,87.54886503958966,74.4419253813326,0.8742965602221743,0
27.889170868501246,30.246631746146967,97.12199118854944,0.13452549228918453,1
36.532525511962305,85.86981212445738,43.80336566976468,0.1727896518824632,0
23.26028061418591,85.72309373697911,86.10333999722404,0.35764054958891134,0
3.0071171300392607,76.46509503848735,56.58630735596195,0.2907438658906739,0
28.11484079389549,,15.723566509423348,0.6147709531562623,0
47.88126422526901,69.0322846900729,69.06227420813416,0.9027760477645449,0
8.765147117882982,94.50240645805688,51.343449712582014,0.9622915416725868,0
34.50024454103329,68.2540478767157,65.06065232521034,0.6536029525352265,0
10.046684432952823,33.16168491078339,88.9687412571665,0.8381592014010867,0
26.791384223654063,50.05793174308313,44.043457065604606,0.5252022002307971,0
4.8338224823359806,64.57250433510536,90.11776232173557,0.20832694686003972,0
22.518546812909257,51.05704087285036,75.0669014281655,0.5246884120934774,0
37.80816644476231,11.995294173096982,48.860492587798475,0.5550826014376511,1
17.378576211949103,31.206404465202063,60.32221356579637,0.7424575642135566,0
33.2455862243609,80.23960305536325,32.55811325190115,0.2198829897073491,0
39.77249803948646,86.14180460955174,98.35972997387742,0.3683103820867317,1
46.358890973972635,13.730003271557024,66.7351163050396,0.3640274692145663,1
11.732104092772676,95.23867523987246,4.38468524966299,0.9594395957411649,0
19.965795790465407,32.88226178486093,32.662190574800874,0.44394496032671893,0
7.620800666520871,66.231373873072,62.33144337590575,0.7550939672981465,0
49.62417510791876,75.18251459566811,5.63332777992398,0.750811381374439,0
46.35004839621477,81.19462346378835,2.3884191319142767,0.2655441848032414,0
26.99785651402798,94.57497022259301,45.002423952780255,0.5718696893717321,0
42.10166471882106,31.29195480288226,33.269017969267,0.8943028933186481,0
26.04789886360211,85.85064545515544,43.82986080331659,0.47519771945694944,0
31.179284400137984,13.168690343620703,26.269330988000515,0.9451175073425461,0
4.456221605800831,70.50409063535928,16.47177469429809,0.2144582293241616,0
37.763521024840394,74.19777295139859,68.91433569803377,0.07415910577403073,1
6.3856741817617415,67.77232412013204,51.45711162678005,0.8914538731447493,0
41.303381512626416,25.2314736135153,20.015421124936683,0.8476811979622166,0
39.101404383519295,87.30431470152034,31.958942625999832,0.9925898759338447,0
35.43723488714882,16.8858463370395,59.18079076633259,0.6793934881124261,1
1.8080190262381057,5.363479152083084,7.2229348272477845,0.9366879266671495,0
15.15641779726643,71.74649906119122,14.745300926617954,0.8269490250841108,0
13.155628495542143,47.54757152327337,7.324560410739012,0.8444263331200869,0
18.006820373575955,84.90980199586761,81.23173327141188,0.5691415704542683,0
4.382137338191927,38.3397141058259,75.24092332120092,0.38236459791671085,0
46.84789115155314,16.827858850771282,75.33129318792571,0.9345580725432818,1
27.690112035618814,83.64421924698698,71.6325343476028,0.43211717561589447,0
15.276215532901178,54.89096316400717,66.93854236698692,0.5388193672496691,0
19.849075853714172,18.91957923903549,47.6991915378175,0.44611430712518774,0
22.360127025241784,72.03839985864458,64.22781635071149,0.5648183139601971,0
30.029716668030865,51.111363848950056,3.836155478797465,0.4705050789923272,0
25.783971384824888,60.431298224031984,62.14644226567846,0.04796755857947588,0
45.96959866072087,46.089833820658185,77.78777055368772,0.8820481860076986,1
24.848174145291512,82.87089838180064,50.035836038439015,0.4443938189157698,0
49.607900741165636,82.95627156830498,35.75133284272369,0.5889436485073487,0
42.571247887254785,70.93888218243862,27.742673480097913,0.13918780275798703,1
10.42552571786679,10.540137739646227,64.28020501620824,0.003387847982639136,0
46.52976073219581,83.88538619040689,69.28011986299087,0.24529009364364296,1
5.818319894273804,67.10129805329098,87.09675998625426,0.7045860321333502,0
40.87248542455958,69.70241660042996,34.233408246099074,0.0991945301128786,1
19.031164673829004,36.298284040387166,76.97723073855856,0.9088874403864678,0
43.898716022253474,87.92795561570067,56.135582418933794,0.21502256935618458,1
43.40283450537252,72.53716002348575,88.28364906780791,0.2045936142917758,1
40.296270005881055,11.259046652919446,52.78121082956208,0.18150796162149552,1
39.50152181535307,40.77780344061627,51.76298283979672,0.013981712971364746,1
15.23395695490204,88.63803619601417,57.787708144090914,0.7718054684782346,0
4.045964152562609,4.719670169737899,74.93153551424344,0.8750345312452585,0
20.149008938258074,96.14166196420496,96.4690478828461,0.6141627026161989,0
8.676225749325434,67.91625683195628,7.356335421576565,0.1881999816798623,0
34.747554445123086,63.13759776433766,5.3434602391017165,0.28527799694087974,0
17.304986326889278,27.05592564879914,93.75503374073385,0.4759266973649633,0
48.78051004299574,24.879178873917706,52.98756255182061,0.9543459516233008,1
32.0486038672666,94.20582194885955,61.49030145669361,0.2473513718177428,0
41.124028181718046,29.827245423412275,48.24236015947289,0.731645903919888,0
6.6262336370924215,77.55052967189994,9.365745260747449,0.4394482232929203,0
43.10072411363113,39.31217982070792,76.80893784186665,0.2978473483600218,1
46.13785952566972,13.925407078470398,74.72246450885869,0.45591593702211375,1
24.353095940946794,1.071529769535895,31.1703321492812,0.07120671754123253,1
30.312646887548873,54.42573370152508,30.623924522840042,0.7986873709303625,0
38.24049004514977,97.57788185489326,83.78413809055185,0.24330192798296713,1
8.741931363020628,36.91361938092045,7.235725774132662,0.7254121231929704,0
25.12830382317212,35.719233399304485,88.11051483565659,0.06834837144819472,1
19.933151388615656,34.40916178494421,25.66616898959144,0.9550985561656861,0
7.318699608112455,52.054383730485846,59.298474775549394,0.1930149854056986,0
18.376721114576572,44.06648834242935,93.59941790017777,0.8827420762070805,0
3.4086154692746784,87.99146267270145,67.81225015366465,0.8094732096154345,0
1.2905953474743492,50.55207917234903,41.44298124670366,0.967859924081416,0
6.758314457741138,50.77578381885688,68.95342089054152,0.4778906609457496,0
48.15575557945869,13.83715947205566,34.39796363163702,0.7273972938459515,1
27.476476794750848,98.27395409103859,27.725841634918613,0.37071065703778405,0
48.291108057661,24.99728908688297,99.66832779346797,0.18436823801969382,1
21.6248939165066,7.336406745960266,75.07902311797878,0.4430759329334488,1
15.590806654262979,66.31462489752089,64.47199773818177,0.16574901538845488,0
25.307093142012206,59.53663701568727,35.52896432193188,0.9820446227863839,0
21.975584431645505,41.514565399274574,4.916082915504816,0.09624649114071637,0
5.283234213087196,,3.105687603515561,0.5892117234526204,0
32.04131573451031,78.50639210464311,55.418125544879885,0.6264638552540559,0
10.80190912547998,19.571264009964906,76.2032721039051,0.5380795428740542,0
30.97939774489148,82.02533189448897,53.73791904438551,0.6621858857118336,0
32.51005461990767,64.87471138950181,84.07850719391146,0.11618077501189095,1
7.601242656432405,41.89697737795244,3.3426533093221633,0.5550185242052911,0
3.067481355533408,45.80286165838686,36.67520764259401,0.28721257112736154,0
39.03807930342199,25.66472071860958,23.707039117417807,0.9401760633010566,0
22.99002118846601,75.21143326969748,44.7272968157122,0.7620716534397257,0
2.9081897752737893,51.287474230526776,7.2376393194122475,0.9725144821597427,0
49.74331585848836,32.08545427498436,95.41316415710726,0.037556069740189546,1
2.889028049818332,59.60501157609502,22.325540106936092,0.2851331751807087,0
34.75176144292766,99.5734452051323,92.23077754835847,0.195422586638349,1
49.18394626317068,43.52622796565539,42.58931550366818,0.0111545873118305,1
11.959005210796281,,98.5524133255218,0.24232573024632142,0
7.112468434359808,34.50168399245661,55.40583834602108,0.6787759835204289,0
6.069246971121444,5.4732706924985886,93.08328641758075,0.23108892213456855,1
15.163757378379778,20.424210636842886,0.5348988694222845,0.5090034454826182,0
5.052290550532335,41.86951433276842,74.82388061809002,0.8878181149649986,0
34.6080670847066,21.963492859456903,90.30506531025154,0.6937579203490752,1
3.1145899065031344,0.02270382182555375,13.972056697895407,0.39462906990603197,0
25.471106407489486,91.50015377475272,9.612585173215148,0.3724689389121083,0
49.83484269264884,84.3879411230929,42.457260718595556,0.45573581400848473,0
40.69851347530094,74.22922314869471,93.36789061329351,0.17704144105990638,1
30.760971911550545,16.781459564602862,54.23865601904387,0.6340007674159881,1
15.312681039330583,,52.74564637217322,0.3641528191046055,0
31.194791814581922,6.760474947238315,14.112611829932186,0.8523653492620437,0
26.35207319558258,72.40291887729212,0.07895110932187865,0.7565526600578163,0
21.304169194518575,92.88079606878853,81.01400907454612,0.61051316409216,0
6.535518837009974,43.053582091303696,8.757456298623822,0.36420222264951607,0
44.330210762023334,11.914067199604816,63.384981873532396,0.2099318316734844,1
22.489232441066125,51.23928207321066,91.46164545151915,0.7761518641056229,0
9.731125591038253,34.88319074586301,20.865191315843102,0.48640909899108653,0
18.38796754386448,37.48249243499977,66.52728362369108,0.2247500381773575,0
20.70648762644635,62.13306241557073,7.869857670750946,0.19517461504000622,0
41.37689477834371,,60.3755143837613,0.16540090450135903,1
36.6807190280701,11.060359887316086,16.393172095320274,0.777161196205595,1
38.46524468206699,3.5590230806476386,73.5953560515178,0.2289871853003117,1
0.5515632214323607,99.43303026857149,30.12312947939082,0.5266422635251975,0
20.807699908988077,23.272834891555185,46.33910088046462,0.45154636097305645,0
24.06720758176618,5.383052490845907,59.94305420276217,0.5796108992282839,1
0.9596138411528343,18.987532909591998,17.12734106662396,0.8771549003711943,0
12.99066043725171,3.895784634846422,74.16378186176209,0.8677473900817306,0
38.01449115610675,39.181089461717164,30.264034063681457,0.45107607182485965,1
6.8554852864499525,80.24017844513243,66.23718599127535,0.015366250734723308,0
26.765506572629583,34.124444975772064,15.828305069937365,0.4264438057143032,0
10.760093600861875,,68.81176592063503,0.6061935374241404,0
0.6060387321946636,67.55867735674389,12.818807281046174,0.5577647590980618,0
12.060072879977074,50.889407006988016,42.535649626998364,0.6513361058002055,0
48.79368774550269,86.14456860213242,24.72060737388768,0.15407573247308348,0
40.07685559414948,86.60356750457565,74.83752494281826,0.6465350987807326,1
47.97883221605167,0.9910695491153643,26.203500450687457,0.18265161874377223,1
24.392702196318123,77.80463064831991,88.17173063953962,0.750523980696749,0
5.4868099338751755,46.073360024167386,89.18202114066128,0.33908761326268,0
27.397974448684646,98.88405413036631,19.644131522278585,0.7098954333814536,0
22.718866727998044,,61.38459450077243,0.04786559890610709,0
42.2178541369808,98.68959453882975,8.771764171996432,0.4078600255909134,0
4.904129039212229,75.45693612057366,39.15370996016292,0.7050345222633327,0
24.41205685108891,24.860488461330633,71.33217295012723,0.22687051633149413,1
7.502433234699213,53.83949792869577,65.94232468499163,0.7952870447972226,0
16.233796344503,99.21356394785828,62.47006694066079,0.630779733104932,0
36.86785386938998,85.75306077519237,28.25408636624436,0.5875617721497983,0
23.800906468438328,9.73668937912211,37.8024949434402,0.3535488542043371,1
18.794414257288466,70.6371996809996,10.294614470028618,0.4824514703811176,0
19.723813928501766,34.5579585870813,71.9022820433601,0.5973493009778531,0
22.97233842029933,0.6982261880348117,50.38887967912735,0.47246211391489046,1
39.25082719185284,40.34809690269996,70.87656323456545,0.6983133239405601,1
44.60423444701172,23.47544217249713,24.894352479687278,0.43369693310695956,1
47.76673432519642,,32.443822863506625,0.20227318174203035,1
39.34516931276475,33.733060884576545,33.42153372601147,0.21393378280104725,1
15.770344787400637,82.7523693953817,2.57424097472162,0.005803768842941093,0
34.40673530432711,0.05979388347953085,34.10478728306236,0.30095771555867246,1
21.880156202769598,30.781915002611914,80.33045735180335,0.7489176404785196,0
12.733531102302559,24.116521430776196,89.72984957497385,0.7941627088376095,0
42.04357897129613,23.3567361068611,51.821831563592745,0.20246754209575002,1
1.9213174481162498,6.81866197654627,45.55016952192202,0.9590439968714077,0
45.08809960677117,18.712427041050173,3.0824618699370254,0.5024027934801267,1
23.073873231236707,55.55495698856199,87.92043375853827,0.9169787490185026,0
31.86007384041402,29.13610728377445,1.3010213425872719,0.7067652818616311,0
32.96769611028913,41.73947823291479,94.47500802102118,0.7224334230224131,1
44.75588703532682,37.68668803471885,48.92162486880907,0.08504362130607113,1
31.833484108360366,87.59049249998945,34.19344935747266,0.21999112689693068,0
30.69667923800309,90.52989990105155,92.421843484266,0.008814833294472635,1
3.332602028034498,49.295697165586006,2.4390993110096737,0.7161276404767375,0
25.920401097260203,33.01559503156044,58.14248948690871,0.34443828842851,0
7.5084500408520825,10.680070400236364,54.89325244993376,0.7866525160763468,0
36.87168843607428,95.3402879382095,21.932040121138208,0.3389362199370263,0
25.611096040633726,6.022694490029745,42.88874313502106,0.8193337522988611,0
34.01138896041766,29.765027756828044,65.22640059437703,0.130698253748313,1
2.0836450301192135,29.806620117000413,72.71311968819275,0.1733731567575082,0
4.239600802290161,32.04012861402149,0.07168587065797816,0.3408765395839365,0
35.81616940313411,16.428684327240926,93.68534300910153,0.4084873888822733,1
3.6042167999336683,78.31614309236971,16.45253723928124,0.3487028108429784,0
3.56283638826293,12.249786196598922,23.35804342223592,0.7636470325232199,0
0.6054237617443725,63.49066591531628,26.347344569384823,0.0969513926267147,0
47.82506991497401,12.384602670581746,3.782013655203531,0.35121701963848806,1
36.875417972950345,7.053563759295656,12.305212359032492,0.8372399995154594,0
17.66257042510321,90.94295036858765,98.63499229441621,0.06679707726217199,0
14.82677906438276,19.01287663187057,31.521673737728605,0.9423435076713574,0
17.485161487292476,82.12501545597043,11.530109033904933,0.9863168422720129,0
38.732676559059094,54.46308711071358,10.699126117462331,0.08856817382508009,0
33.068530553520716,7.78565196087696,71.94599676699718,0.29127252225573697,1
9.259778393373397,95.54481914380675,85.45686640326409,0.37240066603535615,0
8.705466766704218,24.696116699189254,25.695229950846986,0.7763913686527261,0
4.919782485669866,85.96453453526065,2.090951233523497,0.5959268121167338,0
33.015135985066905,16.88100057845642,22.30900184453558,0.6443657004925674,0
38.218633111086795,85.39428821418528,5.651569079675733,0.757509822818506,0
13.2523214162502,1.3228812905293985,10.339493663004152,0.11797899943702572,0
1.0472480515456406,51.178045656948065,43.15081198476424,0.8332094569102624,0
4.108583373821367,76.94425794215569,22.991837086163258,0.705619804180144,0
48.39300174225152,93.47955174927833,51.59458785254234,0.5773417251963703,1
14.772238873871013,90.92021362064871,25.349375325719038,0.8897353347830567,0
38.46115739190668,81.96248695476449,94.05373011029477,0.7003063538838071,0
31.23317844271319,88.8191349661304,90.59439679262645,0.2016999626310254,1
19.096981982644795,19.92196858370765,56.6806105010466,0.42974538107566673,0
10.284363109777756,28.418429571172876,35.44239919873861,0.4940428669357333,0
6.069320907970321,28.89685249210585,38.114688203473555,0.055217626750405646,0
30.75064840194333,37.70539310016988,41.185228314449695,0.9546375133600558,0
38.7316890318894,39.33206703851887,72.7579322134944,0.12857726079687848,1
32.19521267705653,54.45553246546755,45.16389955188379,0.6974612672267269,0
26.515106662457917,15.987976336644138,85.67299465058974,0.5062310360908802,1
2.0975611715818134,69.12466637859893,94.40947859303645,0.025632249884422587,0
48.42443887971919,16.75665393045065,33.59461533789339,0.9247474758643617,1
39.93570958272873,31.030848210454753,56.06944813756801,0.8518368088189332,0
14.641101835048238,50.33451306061541,9.505653683256444,0.5242579279038355,0
48.99851646794253,79.64405615234773,20.0469047766359,0.22894233613944526,1
30.094079481816106,73.94692332387272,41.34657667101601,0.12162289068009424,0
29.121132910362324,64.55343564105223,20.620271590177886,0.3633924794321266,0
37.4036589714766,15.577326058017016,87.65604907887176,0.2554282810460905,1
40.58848940450688,54.70453456155777,15.828625605909806,0.5066912010062987,0
32.823930366575134,8.744650179988545,45.566082155309196,0.966409296123429,1
6.404787318310001,37.73631767966508,60.56992404598757,0.5749534932296414,0
16.91337529972492,41.35165302899592,69.18639081608444,0.8899310558900979,0
46.404182016302485,,38.306936972650675,0.6508788374957772,0
11.230780592192597,27.398809946997183,86.90990687247286,0.47524652658720046,0
18.608351191875666,95.56494672664894,56.831915107792554,0.8546075627333712,0
21.6038441472098,95.36326078296895,43.95077804475518,0.4713681101729975,0
21.970249484722608,35.23270542525393,6.724063405203662,0.868628170510361,0
30.646979124726276,4.310010894832406,46.4689468445165,0.2915767695757653,1
47.15379188723538,17.909493932818155,82.07358408157303,0.12881307376298812,1
12.034635591625248,39.221779343354015,61.45410182213155,0.8553144643629383,0
6.075068815045903,94.77796979692297,83.21624537291183,0.5874151637926668,0
9.873524492996866,14.119906353718491,49.401167059930565,0.8890923982489601,0
44.34624501046348,,11.846170509448184,0.9378272069923832,1
32.2905406327603,10.868253937469207,1.363984583588107,0.053628390371449175,1
14.295339461958006,98.12575773912768,30.321954671859118,0.5009693018588683,0
40.797346948430864,,69.79904714977924,0.37496454907452925,0
43.0684998181718,77.5234538899056,79.02599039416938,0.6258583970701171,1
42.3257169345139,34.259108281113186,29.575283462032942,0.7935911972023235,0
45.94632668197772,62.76688771588087,49.565392088324714,0.28059021597436895,1
12.612051008668079,19.201608474003674,42.111890443408164,0.5567983843731716,0
37.75209643731392,14.602101929696254,41.05227843514279,0.7087285799048996,1
23.026974863707,93.80641395681313,23.134871320015048,0.13443108283573402,0
42.099927644503076,91.76472779044335,13.637110502945838,0.8140669059512669,0
36.42453385808066,88.74689402128824,19.668855823121312,0.6061095998529731,0
38.82237232498623,62.543345016659345,5.53323871633461,0.9495374371136518,0
32.808091884053574,80.82682112162783,19.813074182357703,0.3395289191306933,0
8.871438473485343,6.903693691137491,0.9200897625379456,0.10814594233719865,0
27.251345944846918,33.47890418906792,62.72584006359783,0.5065012010369253,0
49.23348697622541,31.37031247571562,31.637540738768287,0.08581077170943885,1
46.869403324855945,,97.31447114269086,0.9695265233240068,1
2.1586867898505835,,19.371705077629787,0.03868495825719154,0
8.240740786471857,,34.58285703095939,0.753503901107308,0
6.586438672728096,59.646707541354374,35.78411586415332,0.525102398142244,0
36.29899549926478,81.43839206690815,0.845149606246054,0.3686206524982887,0
40.889266492847256,38.21234944599732,83.9207953039459,0.06584216450865465,1
10.675568315533596,13.22687150984817,3.199446014432472,0.6221669241736077,0
25.29263464759145,19.668819731282305,94.01798347292414,0.5852203293909553,1
42.03515140056,23.7483305169384,89.20743510936207,0.28088327306759975,1
36.64007723831253,29.989759299453624,53.55219160859635,0.9102217014103121,0
27.111860274592413,64.27950705063091,54.35955749112921,0.3041100073428369,0
29.517384522938645,60.0945484537719,65.37779229561563,0.44972541059210613,0
25.418027345813996,69.60798615670392,38.7050011934887,0.5437624559186557,0
14.877422565941028,36.25019845315131,64.72222833978554,0.1002318781762861,0
28.251099642950805,82.39976518799783,4.476838868848687,0.9321617192136323,0
34.44426510250453,20.40876611557603,5.404762734972657,0.3745361524510411,1
43.666145793040386,46.90407475181539,45.723041961954436,0.08077921387434361,1
31.814567698962403,80.09387215414303,54.96223011060349,0.38729117367532995,1
38.0560768521579,18.015864773261924,88.7817640335819,0.6002025470925807,1
8.00358174772865,10.986311374078294,10.466063390789627,0.5136526718213296,0
23.077873720989494,88.36839676879897,82.26479271938894,0.694541974037274,0
0.4665809913546648,34.29296627591959,21.004733729206958,0.05548394206791063,0
12.333943226081152,68.3870124909032,39.408364851003185,0.2845406102720561,0
36.32308575565024,2.534860426393848,31.66024348274129,0.8192305768401023,1
49.59049756746817,69.00468884094497,40.0155272865399,0.07989368779136086,1
4.9589049793607956,31.61013115469705,15.049549807258556,0.8554859546959576,0
20.074715793064414,5.574085358744174,50.357007440355495,0.09189609207710625,1
40.00354843495798,60.9812761548117,80.16425898313673,0.8344542148916962,1
10.201781731444942,24.080381607317324,44.153401037889694,0.3607884010787267,0
27.75424746511431,38.680724205188,49.061357589819906,0.6122090632572158,0
36.65356480148374,8.058081228651359,84.87675852813142,0.15288711564799817,1
30.79927251300895,14.716325109494532,70.60581146380308,0.06616872172518085,1
9.401236730770806,29.797723549584376,49.04544085197847,0.21593820402013508,0
17.769228434286973,8.975950056015714,25.769564818917967,0.12785381790869554,0
39.18958922426986,91.08262646863152,88.49267468449666,0.3124058976796318,0
27.71132570660083,0.6047043183978418,57.702040169055834,0.5143832465110202,1
0.26148067714563683,48.38602188643114,22.11476101106934,0.5887594635650095,0
38.04953800140469,12.324745813255145,26.911975263801036,0.7898681073797429,0
1.7655677470119535,30.767908947794854,80.3133088936246,0.6562398932483586,0
37.286689136561606,92.60595598182655,4.414556208745546,0.608758325129553,0
10.12402800826187,16.169455327398687,99.20921870288201,0.41178202748577464,1
47.90367400596901,96.58323197183326,13.035167971479177,0.4738084349601387,0
18.397037565104224,,79.60685253969373,0.4145208293901811,0
16.346580816903955,,39.47753167716829,0.8421660300613831,0
7.444402516622234,54.66772648973117,49.221618328746686,0.23000045254839985,0
15.280210774510744,88.44787275967592,88.06505774645778,0.0057209315419646245,0
43.83253809141003,55.399325550313094,41.291118958921324,0.6513198972262393,1
49.81671688136237,,53.74937536732345,0.2024621836388314,1
18.415476525342417,19.54580003683999,4.929966240916994,0.8901151363098093,0
22.430531547727128,16.62293620516587,0.23474738674531537,0.8590463297066561,0
36.10354691013685,91.64891511155142,24.47998730017259,0.07672737192820589,1
44.30978902325373,32.78381988500341,68.05830929187672,0.10638840541407735,1
29.652216709339207,37.20822549628959,12.126489335913671,0.4951715922466663,0
19.576284908891466,75.98236584283885,11.376195880454942,0.6092226627693547,0
20.631092042431188,33.882348242280734,41.096060803590326,0.27490833748224075,0
34.78090732484034,95.20624466390028,64.78370386082265,0.7167977166993706,0
0.16091318021393408,73.79277689988002,71.20719922479304,0.5949160209188715,0
30.979466872992035,59.742924257342,17.84506740983748,0.3248241097485547,0
17.77465052206787,88.08951605447525,7.958814737204245,0.025371488042315593,0
39.70986656385421,4.960590834948276,94.03970339455442,0.7501502812985177,1
4.649531991156608,,26.066638256210172,0.2147536658250827,0
29.410113347419525,46.50363342209099,85.33464976087238,0.8344737434626284,0
24.04864449430619,22.6978539471521,86.34914504628183,0.4202902600542552,0
32.11627629526137,74.39051873021519,77.25225917625444,0.5770774426317654,0
3.2426797241484175,91.92080310537251,16.88336066525701,0.8729487304090019,0
28.999189371406565,42.37701199309234,82.18014592542004,0.8636230009199534,0
28.074229397976186,34.2132600111895,76.92505592415867,0.37151957524357326,1
28.033004720808545,96.15507321375662,59.67229901062171,0.20888889271484312,1
30.17438332982274,,33.720203516895275,0.7751460777285947,0
33.82339686131811,48.90484004492832,26.25086042665441,0.4330802036021312,0
40.249449984038485,35.164987234190534,12.188921208035897,0.1920419935590041,1
13.491036006410717,90.95484730121383,50.975706690087144,0.9044253423171502,0
41.2524705090031,56.89554832818507,58.52608755098465,0.19810419424108738,1
24.91278411317268,76.21745871816447,35.93389905157872,0.025807168191231078,0
3.8529139567165585,81.18067183508863,47.53590676808685,0.020279973767419968,0
2.92754646219896,34.18490419172582,36.35144573692667,0.6223153564542643,0
16.71191593480304,43.369433132038004,64.10060573207012,0.6616750607175304,0
39.24484885557338,84.84717744062647,90.12592077965633,0.3110417050569839,1
35.384046737045786,36.32553516758102,16.39202620469449,0.3200109892470634,1
39.43074823362032,79.39351334518513,38.14088099031234,0.33949391505994275,1
25.86345282208047,94.09923225744372,14.08686039508613,0.6801585467588787,0
22.00994989777453,62.3210373068007,62.4943770407832,0.058133791026828585,0
7.372626335314197,74.16272874518889,72.88705094885958,0.9291163526913256,0
16.40963768046558,80.50973120411349,93.19127325974559,0.22252104417744645,0
21.700968308693763,84.50396488966425,27.887192626096493,0.9996732052420922,0
4.430021483980862,39.505333785679596,95.02112058654302,0.17152269378718699,0
11.030597635560563,5.126345917599817,6.32626718206748,0.7715464573123775,0
29.91126470318694,40.187627123673956,60.30138633645882,0.22341254492962503,1
36.783155711959495,67.37562297840898,5.713271934332997,0.08084680164325397,1
49.91737556964748,45.03503857807928,89.37741877619449,0.8749333243506489,1
46.65566656717788,74.89631508603985,52.98090570700541,0.8587512591908919,0
32.12825997675958,35.69824294686639,66.93483507627961,0.40357039244960136,1
21.0624026647036,63.474414110402954,83.15739259104525,0.7023961425404268,0
31.808868235411637,18.641980485397458,15.031062248396875,0.5570659326839171,1
39.282580904011596,74.93694366449569,3.8591561938133845,0.8529561136737488,0
5.916809546169366,54.56959688130259,87.88811459128522,0.3150559693186544,0
20.495244484814414,20.40643885466006,31.49332274589325,0.5236723999989852,0
41.99011428178086,29.191117349780725,12.897890792716527,0.48537237120455046,1
19.1916475966522,74.86087085818323,46.84612370870865,0.35390582625685874,0
28.593613561359327,48.26012356615207,59.83060756960188,0.8914550645563722,0
29.38846804310991,21.60314403930722,3.0970603422510123,0.16587792466253548,1
9.223812656681968,96.72711903702977,27.489565825708773,0.14950863952069615,0
18.11177208261442,71.51250198168879,3.2799874276896013,0.5769095353227514,0
16.725564437096608,95.71348325397962,42.0335389195499,0.657494229984942,0
1.3098354266032397,42.71050453603432,89.51000290662444,0.19461925432456517,0
1.2095881945677622,47.51003406917205,98.26524114935692,0.3907174422546241,0
41.584852183788676,89.79552161850192,63.70475535036275,0.9465638429787437,0
13.65354049864062,52.504934024538464,16.16376937845918,0.246617422690674,0
25.90393831194077,70.72789119056672,90.58493899993057,0.6683607021173941,0
14.936278679438653,25.217287749552998,51.62478232000605,0.7401493936975908,0
47.03396225576702,44.67264687026405,15.374931210291809,0.44812869946515954,0
12.964837943288687,12.34498658103551,92.17266694516614,0.937525986759583,0
21.482840636946754,20.59800358769617,75.7469050723103,0.7366567352187905,0
43.63651252423009,0.0943415267631087,73.17052727231516,0.45792457986089785,1
42.09667833959043,3.926505164866023,70.91807037944046,0.569335201776094,1
9.305070892313866,97.72838231769293,20.03398210964423,0.6926134434251007,0
40.13216548978552,24.23536951367623,21.100669170752607,0.5921901804292182,0
22.909344336894634,,68.8292998427255,0.8786975838260759,0
24.14844360426776,83.90996987996115,21.972275011039688,0.35688866228040117,0
6.673998620797189,55.066045923656425,43.86716968030488,0.29988574005580493,0
4.0300756878562325,15.31445000839562,78.20018255939414,0.2138388894952643,1
36.39696534868826,72.81164373361663,78.3952518097841,0.037782968064595135,1
24.823057617764988,60.025141009958304,45.326177252585964,0.043013964380055336,1
21.84253513075898,73.12505893473751,79.21899382752451,0.8700551931092828,0
36.475411432619836,76.97466228570872,83.86217961980567,0.6783931464059073,0
38.275644949555485,97.54103676847451,65.47757512842603,0.6605324154364861,0
7.945408383467678,57.356328002671,22.842585230842015,0.614642818934886,0
30.511257473882065,34.164111269060186,27.401178038554754,0.8492191446941049,0
6.767704113884276,64.8464556900237,31.484115540873535,0.48026692566562745,0
37.56875430145229,6.844070924262613,11.6804107733952,0.8704108285583003,1
32.84775781335698,89.73973183215863,27.315962036994513,0.35944502618223917,0
47.8307310541729,11.938101133819679,20.951922431253212,0.9267075043390905,1
3.447900817821059,32.784283788581824,45.532874980860214,0.6986569800812401,0
2.8527360575627156,81.57453806261209,90.84375478722649,0.25717713602442727,0
14.109353734660008,59.731237833071184,10.448031675395807,0.5640849216886251,0
13.085284186795299,39.363552027744205,72.02679239473956,0.5330305614882556,0
12.348939953599992,,68.72830044131277,0.13789882173033396,0
45.312729026051834,85.45473932021804,9.575419866335766,0.5912429057506141,0
12.477309992475305,34.00043860598922,92.25724049058,0.31478562371695795,0
13.59748630643155,86.96496848121713,56.84722021568196,0.05234876680960243,0
37.969913120898184,8.813443097669149,36.372552113568425,0.9486561577065649,0
22.486992122527,77.67984372086308,75.65385834953067,0.6414903690642878,0
38.83552784775906,84.75476330547363,25.736545840163405,0.876918931870847,0
3.268307878219262,18.181765283733874,69.35098370463204,0.6760560050132531,0
24.378559683669216,43.03465323722004,3.971120757224722,0.35698369214011294,0
1.6806800091641316,16.54997746636556,83.9408037609272,0.5126880723288114,0
3.132660172767726,70.66041289942177,44.81708470213185,0.6757467603471771,0
45.321872667220546,53.534776806165674,63.66929143579417,0.9602523252014376,0
6.962268555879758,63.5323346708321,22.123781980668365,0.2536694591216965,0
26.621034113760857,19.648696695621116,67.7073712658448,0.8749770586241177,0
20.554780130035326,21.17458620524195,77.22402758932766,0.9240778052942694,0
17.367166312942135,4.149732550990636,47.321318688439874,0.6704155146589565,0
44.99166728436362,32.20675351957297,61.77269240617943,0.9312666274013378,1
1.091169838774475,55.97446613336749,45.63259238223986,0.3978785874773685,0
33.189484308779456,85.79349139973289,89.40913692578455,0.9530161760404428,0
48.16972171067752,66.69274474586807,49.78691805143192,0.7027828771659749,1
28.008409173092097,43.53963233997514,84.18087090288189,0.0420057674188119,1
46.84112310165459,95.31201143941378,80.13520582702486,0.9068728318190528,1
2.6128939643011884,71.92452005758318,41.050482134835654,0.48447280903319256,0
20.93966595370807,93.016520286255,23.008449185747505,0.46032698477783285,0
13.007889548102558,52.75879732721657,40.6082132559771,0.5664666059796343,0
36.54104824903649,25.89042747931396,82.62173757752201,0.14938454677122792,1
49.064854524862334,5.282668636472199,22.763253581939235,0.46916604856739863,1
12.82650312221239,72.60848514838504,52.44363458577494,0.8311272167177457,0
32.70873007370373,12.130299800553413,80.60967479607474,0.015482459137515336,1
9.904881637987007,30.277512827196716,35.34774751283788,0.2729171603243713,0
28.266512728580494,53.24709078838974,64.22096370026973,0.00245458644384422,1
23.19662433441681,56.441658777974766,24.56315740488145,0.41571130914984833,0
48.60026648157685,60.0583196987136,10.927944536815993,0.7283155104937347,0
30.42636363482333,16.625533034970065,79.43842250928563,0.7987718291146285,0
17.475318604340938,37.97374048216488,9.896862340870683,0.9451897611270066,0
5.704789244396668,61.71942271169667,27.13813950795846,0.6085046129707865,0
7.562341436746728,96.98188646337847,85.51094219974401,0.25462686665289547,0
11.265846497561755,72.76311376996887,34.64692870786672,0.924147949136699,0
12.5483330670149,92.26037570939579,97.30453495141612,0.7753157538803761,0
42.53080289205689,76.2212058314177,97.97343347738597,0.5744284830031445,1
28.061139414126245,59.171696889240046,26.82760204535567,0.695640215718936,0
26.169545568718323,19.202336913634454,4.097822224989045,0.9243163550074291,0
5.7384435934608735,66.66856518925131,70.50632842053791,0.7123940284729217,0
43.00698466747175,62.337956595990704,45.098650264834376,0.368374507584734,0
36.140715160424186,60.24691704572665,10.07528439595763,0.7130282022890967,0
3.383418095000079,48.978586798824075,70.75228189780428,0.04027816273538787,0
35.39175486148844,52.86566039892756,3.1174909111921223,0.38641556183058123,0
27.176910867132303,33.44425271181041,87.01966904922422,0.4063230318455793,1
4.086267287338913,51.931269264230316,13.865252911330373,0.16683823442083467,0
22.915032076432823,19.755590567847825,12.7311878746725,0.023085480551770177,1
24.234814356502348,80.51743973603767,17.567229796858452,0.13338123663774282,0
8.288727008163788,18.577695469870783,96.02663584920666,0.6546214957970551,0
47.284907350014116,8.496628988946641,69.3169360253846,0.8022888163636875,1
42.49876857403309,43.62460263571574,80.13715354636368,0.9882034927269742,1
33.451116866455415,65.83074395060619,39.7634985732753,0.3463635031084943,0
23.11477805003036,43.771682493354135,33.631272750495555,0.5993792222611017,0
20.588277079225424,27.67541319513086,23.448400678316993,0.9371449668151219,0
32.548673357547706,55.817118389044076,48.0648028312409,0.16704178133815262,1
27.271593470345273,34.700233541219994,55.18287335341685,0.7176455863427427,0
3.113655294094281,93.28676901266331,63.17748436527554,0.7549787331491632,0
25.625132438516584,92.2645139603572,25.71185039986945,0.08897553586933837,0
40.32018086164197,50.23718199720955,94.86540809029907,0.861249385183065,1
22.961993879847903,32.78839940182585,16.975849820713584,0.8131050471108439,0
2.597828877713421,73.71324139566391,96.56531747664123,0.033403006577434446,0
39.31390996920165,3.671294348306664,1.4856122507503788,0.09108441488005148,1
10.06818910679872,47.47690060436513,48.11256918168456,0.04912689389185232,0
12.931041744401938,33.63233942703335,33.336783811656275,0.3347435317993622,0
8.235317671614794,92.05358851025547,44.91234139302508,0.5092889906799262,0
16.51075324357488,1.2003027272682543,57.0664578980789,0.5323477279546288,0
37.83757528443175,55.28148757183491,43.558915801270906,0.26766675976944265,1
25.96929297519687,74.0663581066626,41.4846850301595,0.9115968865602742,0
10.244063707535627,48.50179875240413,73.27234154133066,0.3682627898719132,0
43.89150390760204,8.540303016272166,68.58762750864646,0.0455501559653525,1
43.97909274757646,97.24613900279022,83.32712820358479,0.30022711154138637,1
43.52892125230034,51.801043137609796,24.995898123949555,0.5311094225441555,1
11.939810569076965,61.41862443190114,60.952850975406356,0.40822182258823203,0
22.561967209049406,23.660978270750732,58.51947853928539,0.27384251909925916,0
49.249482807043755,48.34980851068038,36.973781087268875,0.13132324976431742,1
38.60062381549952,42.914949195832186,48.605754190268094,0.8191645000962298,0
1.358371061277991,7.489584200198374,31.378214330572874,0.9961452421241919,0
3.2602295630246028,10.616035354746723,14.18443976169852,0.32954213352388206,0
23.19656884061664,83.74725196187745,21.380121066273283,0.3816210441766039,0
45.461010293078004,,10.55136464012011,0.618037524676957,0
26.935089897635713,19.495827149863054,68.30695751901241,0.7184414747355413,1
24.890625401714512,50.49114512501392,66.07273931091515,0.39202953480359126,0
5.273684997831529,76.87471313625129,95.06063715798729,0.9049295169818152,0
32.8390052362147,6.194651857898792,72.96784136472412,0.5600039892289184,1
41.105158030011275,57.680791963825584,5.204583875613144,0.450390076405931,0
19.021000375378115,11.921044284057336,88.42451739289542,0.6466727531599051,0
38.78059254626638,3.6461050825618457,86.26751629457257,0.9528038482491732,1
48.22383269504058,5.274395216221739,44.332032077269865,0.7945522944217055,1
10.188322956384454,83.41641082084413,58.586305052792156,0.04001313053512434,0
26.166481559737065,11.797248362806156,97.60783324725189,0.33230991073995964,1
14.356897904228777,4.515136441229195,53.23043638481663,0.4705446849512227,0
39.64272095169197,43.789988714291226,90.53218283760897,0.31451757220910526,1
28.879668294057875,84.39934719420248,8.303875781018643,0.7001875608304565,0
31.72912087751519,26.240837648930192,19.105186870868284,0.826269149862581,0
39.895707980794704,42.17126175259164,44.07549434413178,0.7313450951852716,1
19.798523633122745,,58.47568083373047,0.9893332868282753,0
45.75450342035216,44.907851413487585,81.62278518628003,0.2725476478930291,1
26.651443362307,57.761308063713365,98.82621151431869,0.8749894950244215,0
7.8977411417674,57.090705375214476,38.885149647411644,0.7666226651744862,0
34.79495590844012,33.242669217436514,4.741563614008493,0.3621787575581461,1
39.66306752191272,31.55331806631355,80.11715032953248,0.7341245436569687,1
15.838083853376334,,60.43807190828081,0.10407595641824696,1
42.85896284993765,36.67983206462684,19.854285886820165,0.7893334823405523,0
45.30716273828832,9.949466887296465,49.48284566214202,0.5323306025871026,1
13.845224368890447,76.65959447120517,74.23102455337244,0.29229017270925317,0
49.1760736357611,96.62742977481858,77.04117870686437,0.6557773017841801,1
7.035576402437921,97.00744566667069,49.9618411998762,0.641619998714409,0
10.100783420124499,86.50710993753938,30.521453012885914,0.2094862227195997,0
9.211241961901306,60.07921493396191,97.37425820384935,0.030397414811526136,1
44.69948550039352,70.086569724388,66.33626109564929,0.4336225869016739,1
32.714627616248094,28.520580268041407,40.82375193462987,0.5695118693444212,1
7.6052141611136435,63.077042017262066,28.04632242046524,0.8766052783705984,0
22.016170918417448,45.56495494398774,73.11029830035622,0.9282167956475944,0
30.764901253490102,48.20173397769325,24.21834455937677,0.5288052181567664,0
4.173204249469165,75.7776560375158,17.17099889736882,0.7538034837685449,0
44.12081842036694,,52.98338889620703,0.43930327232799693,1
40.180176772076756,31.803961169451988,28.998739264414187,0.746082156572893,0
25.26033867883191,92.46417911286366,62.890514492361504,0.20480152493916692,0
48.35633076295852,5.622429485097225,11.793867487423348,0.3710647348035314,1
20.888048963754986,48.56342984133404,65.49411045673216,0.6342279988136148,0
49.20551595182489,91.28008004078617,28.329652799770223,0.01815796560707883,1
33.395999940181355,61.0363007818157,0.024293443451273156,0.722461310338954,0
31.733563662697073,54.64070742121321,12.693605767417637,0.8355355012681668,0
8.29774476478925,24.974417922935523,93.3615377835094,0.39914166109395144,0
44.0963879152322,34.327548906444825,86.73546391153579,0.4479424171771643,1
21.37448439603076,85.20484158046929,23.360903203623685,0.851282212216531,0
8.111670289123968,,77.83719045454912,0.7756546353260334,0
0.630375998787952,51.47421937567799,60.857159317397425,0.288149489033375,0
27.987784181919128,9.957971354002893,97.09047114498695,0.32397610656153897,1
26.369981106133817,1.6028156455123121,37.36056595340591,0.6788782323905966,0
35.967681118457925,96.36851886870491,68.14606125171713,0.5631980924481612,0
44.512902650890105,37.698616728684165,6.353572242391858,0.16222957109649694,1
3.9703292321514763,60.32130620995043,39.6247346816406,0.3099299092291664,0
36.574824517018115,7.971507318728499,96.38176611881805,0.8999832768786541,1
9.370597204879111,68.31142857230465,53.89808744501205,0.6881744367222634,0
42.9088526578582,93.2566708705961,28.787950333484456,0.9859743176855195,0
40.953175693082805,57.56652529974197,12.027096312860685,0.7670125299807694,0
27.03968774927722,12.611532237541056,70.35283401815305,0.9419744321435902,0
35.51213993116558,58.172152747347674,64.48560434297268,0.2161885738704754,1
15.71750565918742,76.63472131046524,37.39387136037746,0.7714848748169257,0
23.558394946640732,40.64165365740187,95.09413518658343,0.02021752014779743,1
41.08184488552358,87.98377479414678,2.2202812987850318,0.6707600217115339,0
22.963259858660695,64.86829533573645,30.37238516318258,0.46928227812024137,0
17.88991326627209,89.92489182892025,92.10694862995814,0.34676007192006864,0
24.710622362514993,62.35053112473372,32.09354383194404,0.8624043522930891,0
41.41246262186092,13.128797200482422,25.225283385517038,0.8542676926575307,1
16.760402368543637,30.96917111051891,53.42204099312473,0.022301704898643582,1
8.68807965678719,20.17949482524569,82.3801749920538,0.609505122449431,0
35.60070101653904,90.88264977168623,10.314676087836105,0.3678322243209564,0
41.29891063540409,76.04000672874827,94.30207096457362,0.41566100150044916,1
5.031873926176667,67.6398368910006,79.5072881181164,0.832040739218776,0
11.993705637797236,30.096631963162167,18.125025555155194,0.3098397715276783,0
7.098599488049695,18.40447720502135,71.20079611981626,0.9430488106376201,0
17.39707057910833,75.64510879889119,38.495872263755714,0.17963382637214076,0
22.517548945270633,47.41579458790797,40.22946780763187,0.6627224233681778,0
37.44131684816532,22.578955215062912,78.32900924388665,0.6721050670137647,1
32.557379244083705,61.66219781652751,96.27848079807322,0.2521951614279182,1
31.046428373921557,4.0333852138451975,12.665587284719393,0.324750608967202,1
17.61874733048272,32.61702541282535,42.06302368788194,0.8347984925799404,0
42.072377654238,46.85569945911347,48.09416080843035,0.7618052549549524,0
23.564358369908227,14.795833410940585,37.63118169549976,0.32909588031475956,0
48.95524690075773,98.46544775908396,36.3189123716225,0.5339565469349339,0
31.70710691478684,20.909736458961426,5.226866756159653,0.06168029625309546,1
6.313237078225137,13.035313004326554,68.55386205626233,0.20874588239862923,0
33.8088781037717,20.35348738868964,43.62144171200454,0.4858205588603991,1
16.25520077158495,76.90611331597242,19.479380264392677,0.0859737352792116,0
34.31635983430487,42.55056592718428,81.60335023020684,0.8433323548919375,0
3.482057408120287,56.541593975253804,80.25607481516279,0.7180062101076479,0
8.74407185879797,2.1009156986360744,48.63916280888938,0.9436336706484948,0
42.786862945289315,3.4431308573314556,29.845066114776053,0.6934669059640272,1
11.358977851175744,44.582554982701616,63.80927257964524,0.9404013722621856,0
41.852056262147,81.66552432016235,28.815213577740305,0.554512555690965,0
13.963804422720521,88.52388787075652,23.600793032371204,0.6002186110619694,0
32.144095502935386,8.670656759564022,73.05146540263266,0.9769710546262609,1
34.70752867549155,53.836310210102276,4.0325239720950705,0.6421291468642604,0
25.632737657252648,91.32296862792705,9.476847103459395,0.0307865688607466,0
15.265533834836564,38.797275439788635,0.6788174023589777,0.7238027766305233,0
10.632218818554806,,15.294318647542616,0.9054686921374157,0
1.659467728121311,13.36956543994362,6.899000871045946,0.7955802497943266,0
15.19732006203619,93.53944896677987,99.58023677799186,0.5838332726254226,0
32.65813952656415,75.14233175313026,28.880996995408957,0.6713035130935163,0
46.91524092242413,94.13343927869016,14.926801266924727,0.9901917892516717,0
43.5602241131526,67.66172335525064,24.099625799591795,0.09066208850933832,1
38.30323882676513,36.3403931999427,93.61255715401346,0.6672448286332395,1
39.42236716266493,93.81811725247225,52.016022302439566,0.2833976945705938,0
33.249245173799764,27.556677630917846,36.48180963078569,0.6400903965861701,1
13.01434287830015,33.21725220617326,87.33914579092193,0.6076235758839388,0
45.359751535291494,70.08084180017403,39.499027054903245,0.15345683210816208,1
33.5366155952917,76.53162995253862,33.50085699576958,0.20674664574023915,0
28.022031549021996,92.94034838491538,20.728252254973555,0.6216295780432135,0
5.5494734606740534,20.48024090562095,37.77968239094115,0.12822994730377413,0
22.35277719032127,79.7998035219224,31.6684356016926,0.26518087513032285,0
23.017913560096314,73.85460533969635,67.73039592981411,0.8352455477380024,0
43.228180476133495,6.379455625359787,28.958270467072712,0.3270915060016386,1
27.332411009389425,38.722314121020695,57.71997464225615,0.4880601562696629,1
19.020027448520484,28.27654570600986,6.589216503197271,0.9411403351458403,0
48.840016425532966,30.44904243540304,19.128915669651438,0.2271490888369463,1
5.536029666315784,98.29468795547008,40.74052716113488,0.3896260173580104,0
21.12742141559723,64.27774134799279,93.69492539086954,0.6064577755435456,0
2.1012337585702645,71.76761577934995,37.72519857156954,0.7553389295039722,0
36.99520603834652,97.66176373150091,66.4074121199834,0.9016533867127051,0
45.90382760995753,37.72017824576387,25.508722242139815,0.9154729875735151,0
14.001866477524471,,12.703357597323173,0.776640074372623,0
42.91708383995604,43.45309633044954,5.853660008005013,0.22833083659331044,1
14.610911523094888,86.95336718149798,30.541349854275136,0.024809330042565803,0
45.53850808219576,18.06575413113032,15.766102679690796,0.3837739303556238,1
37.6980951798392,94.76861770642796,17.40104480161242,0.14154885098782333,0
40.24533884207193,21.877170841087967,76.075930838695,0.7103876474382981,1
0.900327780022725,32.622050698093155,1.5838070944874216,0.6611305868257168,0
48.1405178537013,75.61922341067805,55.78101257354344,0.04397164162145484,1
36.33354960351616,39.37551415654067,37.94613805934648,0.8365937791309511,0
15.237554769306666,60.82113767664467,50.65499999085472,0.24874326629118226,0
41.46973324294235,44.45735010694285,56.28302372146029,0.4322270754910422,1
14.076059920746498,74.23699370897819,31.336769445727818,0.6679337354557424,0
43.6376919783064,22.833125236861086,29.51088601842853,0.4294187868522533,1
5.6290195205968505,,73.34018493349058,0.4412878027999434,0
35.184298873039786,29.992939747306625,87.12769881211571,0.06562799533574037,1
27.034923832245518,47.43086648684303,19.25816324585279,0.4014435492600038,0
4.826723509772041,16.80200521926786,9.761876053514895,0.7648478932199835,0
12.094691412941948,35.47972896563887,89.77958063920259,0.9151763371865977,0
0.6202018138657395,39.998301829356855,34.989546364739866,0.41349713706337177,0
23.438398273225292,5.739184368827354,55.13173906628141,0.42358582687907886,1
15.063263038000018,58.33072481842046,35.95431445200035,0.7026271063236521,0
29.91787421488794,88.43434279712875,12.58023363460513,0.9427720011052766,0
14.86189038543086,15.174291295305242,58.933164494772804,0.2670609402393602,1
14.995955575349235,59.7808013401514,52.514085176962965,0.44014420653793684,0
37.15965993658017,66.47392049108463,20.299355919119723,0.7959732435523011,0
2.4071417989176727,41.93346804192883,45.186904465227784,0.6096935693740385,0
45.144749759599364,70.109758736427,79.69475040156459,0.11058634396395473,1
42.61319371955907,41.0731543491012,59.04261031078914,0.6277327355622657,0
33.39023416132033,50.46372879774349,9.691732706699485,0.1867462845973269,0
29.661078505369215,0.735304455442698,54.802149722913505,0.5102159340784042,1
44.615124906982615,69.17201141346888,70.27382992895869,0.5291032676604385,1
9.266508976435722,66.13426789447244,79.27034057807514,0.8762033622249848,0
3.9484581095414306,3.8400877326344562,62.91175786342668,0.46249427401243814,0
11.975508495476905,36.82501073951331,15.265816454078374,0.2794424222358942,0
39.728913935009516,97.90318407916673,71.01732665901606,0.23096634821603157,0
1.7335133363241662,42.07365625686168,67.73418460815164,0.8742518766843361,0
29.140341754174482,50.19454051318417,2.442688294063322,0.1710108544182284,0
49.77187580956549,90.99301581597186,41.174766759024315,0.42586856088314373,0
42.78480469187697,71.72618758657563,33.29502469623733,0.187173114926947,1
26.072284452179474,58.20701311242236,66.94120642536434,0.7733040401143754,0
3.182045464332117,79.78046813410725,21.61358123109207,0.474372639974619,0
41.568675719285494,86.43662664559733,59.08719229742585,0.35114369055681205,1
29.94892540886053,45.68880717372669,91.32059618141723,0.3610996406264668,1
5.746649852978342,47.51083649318354,79.78023722086077,0.8522142067229794,0
4.69286424116781,38.60509356518358,92.14577362165303,0.5537739542944381,0
45.48134097182962,96.67061400184606,97.850596693269,0.7178678511312636,1
33.46001314690392,69.71662542903503,1.0670127006162766,0.8970385162506845,0
41.46433996583777,8.322306620807229,62.27412763774775,0.901741676040642,1
43.94894501411336,86.29596233130185,41.283939775890644,0.32850905433786315,0
28.58861760241611,48.05599408362681,85.98544903351217,0.9524512631463853,0
25.872317587752065,6.875390642248746,25.181470200913168,0.024875882014605444,1
21.521370516049508,54.971725516331105,98.10294891150761,0.37683556101616567,1
15.847329389555965,41.716427897570206,61.370796954374725,0.8957988575088416,0
21.729798042935588,87.7749404862625,79.35374022288309,0.2746368798169829,0
38.69398278650782,20.399460360938736,8.559955282276832,0.27308145032131836,1
30.09617155075658,82.6464609492183,18.345788475886504,0.3026222850818887,0
44.6261644977423,55.768869118545275,75.84036730342032,0.6123133848469222,1
22.169000718959385,5.461030321346905,2.198652203932361,0.4383327756143538,0
30.3544789359377,97.18453013254846,81.68779858937827,0.7267348363533426,0
31.565377654599438,51.26152441031999,1.3949018691911452,0.8949106425646658,0
29.584858115316276,29.08768542315825,65.71188390612733,0.6741993749428606,0
35.13168865427582,46.94068419892581,36.50939202318059,0.2044667201975755,1
11.871673418740315,85.7857783517489,61.149485271919914,0.9326819023605022,0
25.618188877289533,30.49031243850635,69.60314069891137,0.2644928733474785,1
5.211240140417384,19.26763964867003,34.24752191863042,0.14989429532815812,0
19.22556638224063,12.907124693088146,10.796244811083556,0.0899672788609609,1
24.38335343106322,29.785939839021125,6.964586774826564,0.5633837406661656,0
32.611212977273624,78.00480870400435,58.89360225625479,0.1137624624806518,1
47.526552629310174,47.16263651952617,52.06553537341115,0.13877588411263075,1
30.032553327417794,22.748160369353997,74.22010091211325,0.30003048059549664,1
37.17969580882799,16.61849996097492,50.97355100039371,0.28165300968446383,1
25.313302974760138,33.27294765103791,42.244579003087914,0.6042395103321423,0
31.705201568816566,93.99243728857088,39.808717823623084,0.8167452794726815,0
3.5466108066886717,34.30267125900244,2.6446902597667465,0.7613496562028924,0
12.719579042092349,98.81240759546354,33.55572016966571,0.26248445471647674,0
18.092654660256933,48.523045576535615,97.60201575244942,0.24531049798597993,1
23.624667750325678,17.916391829015087,87.35555762270889,0.9657915301069676,0
2.282437275119187,89.11400917935094,32.93780670342177,0.008236241591960125,0
7.001204877665884,46.03553731348269,58.77954050663722,0.8797205330602158,0
13.84071538956529,70.96713435045244,84.7296745535494,0.19972851912240497,0
48.576634545052535,98.37115832091517,44.12743367500687,0.9472843230897678,0
16.567350355152538,5.0175350319974,1.795786375015096,0.3423072848275197,0
24.102052905604125,9.669455978756714,7.451046181864007,0.4403517738932523,0
9.804885636919646,72.04567414627562,51.039272134870664,0.707120613944381,0
30.53900355378841,28.1825003295472,96.94393756758784,0.5876690514732603,1
14.034160775798716,18.430139695009906,69.32095422188678,0.3179393297068228,0
10.349628921921338,3.9361879819729495,7.091619143856953,0.5538309158678235,0
25.828631422298955,2.1846711986201806,18.936087579186278,0.7307068843628862,0
0.27528995802104106,77.4485603119791,77.132314321685,0.042334945902492094,0
0.3832016324612664,13.443342736955,84.14397599562447,0.011199305255704117,1
10.953440455092888,46.77206159711509,61.76945861885908,0.4580669390728913,0
1.836068125041057,,64.44231696298166,0.1318366178035142,0
5.401287706534569,42.835180056884624,2.8337450383384644,0.6643442914647144,0
16.94303246693758,2.7106652336233106,82.85302595815085,0.21405245622743418,1
40.12928397899064,78.35015025879089,78.82752081708297,0.43285110679567096,1
28.602432168465043,1.0513224541653488,25.903514410334715,0.19767093687426895,1
25.63338629782082,76.1889894377484,70.8676719965507,0.5484835857491245,0
14.674441160406083,89.33044937881228,21.48546064249981,0.1160534593845689,0
46.587685971640816,43.28399210571723,4.033016105151299,0.02310685278748026,1
19.850752061859584,53.554247309779825,20.113654259037727,0.051131638106697186,0
4.354638339788575,47.698339261765376,17.86288767542995,0.9542584415153099,0
30.853325805890066,38.920861862343884,33.77479967348472,0.14228621861093582,1
5.69191967383007,88.74245353703603,41.84494971754581,0.7084782531368352,0
17.261157140084606,89.39335106699905,50.853889149770794,0.06792620422282625,0
25.370596935890443,33.581636464153455,47.675387550832816,0.10816035223518217,1
43.71112623425879,61.5069754014698,27.067460596528935,0.5088762514093347,1
24.677329017005935,92.69075621458641,2.9170668574074465,0.46487093015434366,0
35.11293830158321,96.20584989413516,60.51016222371507,0.9515803094398696,0
49.64084194995352,50.895904042204755,39.57448298473544,0.9448354530207373,0
6.574455994899081,45.28248052843268,29.86721573875497,0.7796086425424651,0
13.736576275975976,27.869431592852578,86.69410428305123,0.6021018301273497,0
19.72880377988232,95.887187319041,74.67433077981597,0.454960317393011,0
21.09140892694157,14.281430447286736,85.77655483724422,0.35617853432842106,1
20.551053763277288,57.9829576047725,49.4982794712461,0.9470875469755554,0
45.380550127827746,28.255026751863888,13.093125212677748,0.6029088114246856,1
35.70163222334282,,69.62214361212725,0.5790725276859945,1
30.395260704535186,40.496858737618844,20.607377993717524,0.23190112176891486,1
15.468635893139105,99.87929358156545,44.12296690917168,0.04669781788511307,0
41.189519211064734,5.4966306839822066,6.5000788948888495,0.9451885797595444,0
47.75302557424945,57.85418182035315,82.53084024229824,0.3137352588446539,1
41.05991412751133,8.257215803527718,12.594064104750057,0.4425890233244587,1
0.07825525957364521,15.452082999051896,90.30975070493096,0.11463994358570684,1
31.82006850917035,43.95629417728987,86.42306022615571,0.836924329909292,0
2.5567690721050362,51.04601313464413,46.4582764439246,0.027631832855930627,0
12.880361016686093,25.8792408364524,74.43682043039907,0.8339907620990965,0
2.9762350173885843,31.645713087441617,61.94450738181533,0.1402850127879668,0
30.189772647469386,8.696702025593305,80.30756423377449,0.8865641126311521,0
34.32949567463034,30.32197838442505,43.180510078591205,0.7297726373361574,0
5.724381903295256,96.6558439380544,78.580848424435,0.1646702625073051,0
19.191944152248976,94.47073816724817,46.245681706514794,0.5658179928594681,0
22.8118254477771,33.4878290136985,94.09657878427939,0.31265631435521946,1
18.45265108804583,57.08539362787616,48.637210082514756,0.17823309891158345,0
6.0512500242596525,90.95953911109443,46.261927193372955,0.8591821994111084,0
20.94738950937377,0.6183822640896675,78.50718615635127,0.4035227665072294,1
37.558902390420904,81.06835703375918,82.15776917608379,0.3985437143653825,1
3.550383226662773,94.83695527889189,55.44891143211708,0.16988667480662,0
4.009000704095173,9.132573433355706,17.97978134950754,0.3830656760857787,0
17.73856459179921,16.144768603292103,46.77582309575795,0.8716168463288502,0
47.08628558094625,96.07463027713554,96.80725029096784,0.3631287104896359,1
33.428632336145704,53.75401436403463,75.29861930391851,0.9516035624997881,0
33.93349783362824,1.4196634471723701,81.11626038791321,0.9463088992083875,1
18.09599954189325,25.763199876352914,3.282549881924013,0.14489865930734602,1
29.68303956042692,44.99436742688596,46.78594626341599,0.17731125352264487,1
0.5065592013871689,69.29089110247676,64.66211336575553,0.8626740703318891,0
31.80480232047711,73.31603781367996,83.00326836280748,0.3927609189247192,0
45.66434737881184,,4.927365358277147,0.004373982283009337,0
30.62867341724096,,85.24388856418732,0.273871819705371,0
43.68492967331725,,54.84009367419117,0.59762899319556,1
36.19865277330469,53.332354785960504,19.731397057605992,0.799265965959968,0
6.027920820184512,40.56452594472375,31.72552164497,0.13338861709325955,0
45.12266536429209,16.91618938424202,28.192955175156076,0.11054136441673534,1
3.322192217788744,97.74565631838425,53.08590342884758,0.9220926535723316,0
26.69837362738819,85.3317186666586,5.168567991113182,0.7511483678225827,0
7.106856189672883,49.83330282942372,15.853615849992353,0.5897796007780784,0
0.5853305365452033,60.32454226840298,81.26930433757823,0.769186789995928,0
21.10171300638195,22.72610535596623,13.260399074681107,0.42885436130663845,0
14.752035382707811,54.37870703917469,23.339626945812697,0.7584557473091266,0
24.30002468988015,69.49701331214759,45.33706056041573,0.37180299127453575,0
28.85999433672754,51.51670283865888,51.71208881133305,0.24409457249260236,0
2.1869536154473677,99.02851705849413,76.36104796141586,0.7290134212929686,0
6.150164756187282,61.13416562477262,44.73324266661878,0.4196722921572683,0
27.93211982252127,37.09737125921691,78.98646210355388,0.9813771043261948,0
17.158367658632912,77.21520276158381,61.834630704545745,0.349485182308101,0
36.4586743774724,17.046251158164203,11.309973942382246,0.9217274205310659,0
32.614582429596986,38.451581370626656,15.633143839283859,0.9329625485670795,0
42.28021814949534,34.69589503775858,43.70337254497708,0.24185294706474614,1
34.62464133346126,43.180709510777724,39.68893930890396,0.7982211815880134,0
21.496553869507405,78.17798259287262,74.35442696372945,0.43307450514456514,0
33.64833111972162,48.41730321634075,58.07371397973519,0.9175247272303481,0
13.769058712770926,79.40144502659628,38.81330810022493,0.4501242726352388,0
15.315674938910634,57.64889031398659,17.076028345038562,0.7443037173373661,0
39.44925799603966,34.206943465755536,22.683710232549515,0.46696740916379786,1
22.32097582007911,80.99787436834724,57.550101846905896,0.22780075571285618,0
39.919017025917626,23.828967055309157,42.34388048997925,0.1993501289446863,1
41.12111868341392,22.43829797997955,51.492750886067206,0.42543119425634557,1
42.87811688306419,50.45029240548358,17.067743530223368,0.7554946570142149,0
45.83176179206036,26.084924596208893,66.29062523445658,0.6050714851807668,1
21.549261025664812,0.9087034951216322,85.2538740855967,0.6886292899005433,1
15.943340916056941,64.82975272988016,25.79395067869006,0.28232635073194245,0
29.109937329705694,51.1093821472398,49.15142258318266,0.4814353459576055,0
18.558621171881377,44.55178144931612,97.55273290209018,0.044395264969327,1
30.05370834001165,96.69685146183153,33.32417405507277,0.8175324159581207,0
35.27929313219123,57.11991839629137,59.50463449237612,0.9898921622398746,0
34.42025092460684,86.34315777893845,9.019570020024437,0.4068790626246709,0
18.727644351006067,13.945023620516018,60.601500247944315,0.01096365313154335,1
8.34301008493764,56.92064631294277,8.963177330461791,0.16979263955094737,0
21.526466923110377,86.7979626730903,95.92354353238221,0.6525268777504188,0
7.129707204095437,58.3105757279898,71.56626520723114,0.6120793182038592,0
44.504851759190416,71.80141781270015,78.81597881357064,0.7878647195855439,1
17.29387303689287,37.20435678122074,70.41043607716368,0.25388401096106816,0
7.722987361166189,9.244951703706661,58.97290360764658,0.763631915547134,0
1.2723879952875439,45.79002951270714,44.99127810855054,0.6879840215236698,0
32.29111931432421,39.44793908388575,85.83733797610624,0.3228144977138433,1
31.84511587273716,86.70601823789474,95.6835667543063,0.545488148056962,0
17.030208329064582,24.399530235247223,49.90361729040813,0.14727380849832672,1
3.5855944423825505,96.6734227535108,93.1535049155262,0.45256450343558263,0
20.4814447447616,95.81381198044961,58.33329099885175,0.881197339555641,0
15.56087475316968,24.76316430714387,53.83841868964332,0.4211913798253908,0
33.856031986750466,34.80519554773205,45.44827329553567,0.839566706475422,0
30.288962472634516,,20.928776153011984,0.5902533652596944,0
18.229686409877,96.66222208961075,0.37196608180591895,0.19187671310235677,0
10.894627712749505,44.3439102836044,24.150622685606127,0.5811062446978964,0
49.40179830777959,32.099704564089784,50.97231716035652,0.5059833291570635,1
22.700081059805743,52.6094013251542,37.99599522597526,0.398641335196384,0
34.413711789011856,68.77692063657348,44.84852280026338,0.11963043951607033,1
7.027648378918039,27.34745153749798,98.06482195640496,0.4167086638472298,0
24.27948498296989,73.64731746190728,35.027237066932756,0.07276237623962711,0
1.3768359934732743,5.165735711464103,45.21829393601079,0.09876905139875125,0
25.272755895522497,4.929449276441645,13.351555135281956,0.415916532932716,0
48.200870355885115,38.628770514554525,4.795773243698765,0.3053814819684637,1
19.210335649290013,35.34731920607206,77.54095145924947,0.9255443258622235,0
1.9498006287455794,31.56332153671523,57.06831750719786,0.37570580538027054,0
1.5477895459671764,49.101976266891,76.0704806043895,0.7578581220721001,0
19.399337997343473,32.07335823115712,14.986279888655163,0.5302475263662427,0
8.001246823159702,,57.18287711826909,0.7040856686423355,0
1.1676048164092956,30.946954908860093,25.364247434137553,0.2601159830153992,0
37.81068069750884,97.4904272810235,22.806181690001992,0.9419049728383291,0
22.926150444094535,41.11134169948486,1.1526014052985256,0.530088496914424,0
14.462238598632727,44.47127768583358,13.034072356907188,0.8313240712852497,0
45.00415915082404,57.654498995114004,30.926811149969534,0.3650456934761135,1
5.8069480100262805,98.33407684142266,11.687876059093904,0.10021134905052453,0
47.79594144776596,24.160127643576303,98.58584404109375,0.6737116477208488,1
15.698335868867641,68.12821105324338,30.863264852395066,0.007759648337424485,0
44.42018361543406,,13.032394670232817,0.4752929765655083,0
30.147143823973078,60.73244167930659,19.908231282795775,0.19280190266645925,0
41.33536798707437,8.857833963664408,58.77032283414765,0.6273755044353622,1
49.20065816052321,67.68722758275764,6.404352386478851,0.9794198731378522,0
14.420271890937286,6.409471103617548,86.24341301411569,0.46440290632064596,0
48.05677427037965,59.61426495498969,96.14996792371473,0.8174982565256667,1
19.47409474512102,73.95811772217426,24.674742066738087,0.507784186951121,0
19.275595236846115,21.096989061995043,45.00952685908594,0.4958400311040241,0
17.019355212725284,84.1622007542774,2.213445102949707,0.9304234931787778,0
27.07038036737926,3.0353805533004263,64.07102247272215,0.8899658687466815,0
7.707252158924355,,41.39260580525889,0.7858004651879744,0
27.68557426790056,46.032905064276505,27.005846610155572,0.2962557533167841,0
27.0852406205002,,20.683711061660848,0.5450084157239405,0
38.0950906302435,13.3778144993968,65.40230776587605,0.223897233305685,1
41.68249809687928,95.33071675823726,41.62170310323145,0.44391669804653977,0
22.022067515621202,7.266558758115671,17.9659289029912,0.4842130657597906,0
15.116662467574688,19.909341993592566,68.91090814868241,0.8316400401693309,0
12.966744865854723,34.7822347433046,56.507228303669365,0.8960283653249931,0
9.731191835243596,62.023484896112045,85.86720549294962,0.41462006239647786,0
2.882379109951244,54.480108527609836,11.74758988764929,0.017704445073237207,0
17.122398941735668,12.564349241231398,78.56666019444562,0.8617738397893546,0
13.512384606539163,28.972798373821462,67.3516786817259,0.1742786785013607,1
48.32086929332037,23.875177108602408,11.501093682809781,0.6218819638903935,1
27.885441312502195,21.354285449034137,69.48207298717207,0.024970900434131194,1
17.363851951525376,41.1144336479987,44.15472888798304,0.39950647526056426,0
29.0233800496848,70.40314525916568,94.49847855558431,0.9859603021153498,0
6.959835067284775,21.745293221723593,14.161135061789931,0.1006936011038031,0
22.202187460110146,36.66788797029814,64.2833390815738,0.4236931519996423,0
31.31171607105319,39.09174268411623,38.1980045462946,0.30714995018995217,1
24.444891589622568,97.64565294354102,95.68146705908778,0.9050881233882643,0
20.088940032716213,95.46663568790689,32.997489529027646,0.8693401079073552,0
49.69241944498491,80.01375827520759,96.21859094918001,0.23769876030622883,1
44.01573810744635,24.165892081918518,90.1485851100749,0.08118778705043117,1
31.170297907972007,6.803731409166969,27.038323531065632,0.6271383940611175,0
28.46886805911414,31.690413772062477,80.35417768264277,0.33636871188370976,1
31.033023991229204,26.679454943383085,99.56042018035059,0.6720843906060631,1
10.065605391121663,50.59258001463939,25.266300217128233,0.032119756067814476,0
19.75688716321593,77.7727910067793,43.67771693233197,0.13339923517748942,0
1.972976644544966,85.8322938878858,52.018073656675966,0.6863722327726434,0
23.777301874341333,84.48640854105085,29.49311358038643,0.21237065530249777,0
27.151229197883158,35.967556122306775,1.526483964602976,0.8575876757624016,0
11.38748680516048,68.72343434606829,22.012924419752665,0.05859088771013543,0
48.201442358275685,31.283419752422002,28.193688434175847,0.21548198278557462,1
45.4727305468621,6.090554323518271,44.35997013181871,0.9985602484850686,1
36.107161772795294,70.15652656029422,17.110247841340186,0.43307610258679263,0
26.66933143826813,0.9827552569787845,87.32543566916726,0.7029656635446435,1
43.498457982384245,40.91825874584886,70.4911132731336,0.18266304885701368,1
6.532617191173146,32.937926930207574,8.520047755966198,0.6098687349855377,0
39.52548971374425,69.33775385188524,65.00924511399315,0.7261060683694185,0
6.241040698342415,76.62454727603789,65.36564764056205,0.31447663586651053,0
39.71053312747027,30.409463597128383,95.62211736436277,0.8288971119758778,1
13.788378412567848,81.16270144448535,0.30208713561612477,0.6034175784722833,0
43.85452905090945,29.391676050493377,24.79324498058072,0.3891230096150302,1
47.202104691269895,44.63263599865612,92.77914793753155,0.5576423933431586,1
7.439798470255782,72.7018527014134,93.21339153982831,0.5767608474359243,0
23.133780253269677,69.29202292247886,72.05864193706374,0.16553529269386602,1
49.049368908134255,98.73684723122,76.576332104754,0.40273236986696614,1
24.17037179865733,22.51610242159319,9.148295792964712,0.3434305880194931,0
43.17737612572726,66.23179135395823,51.38758347782336,0.40090272257912607,1
29.436576106565994,60.96819082757774,23.15829912889994,0.7611105884852579,0
18.766495395980094,91.509845449003,18.121804361361725,0.48253840746667265,0
14.28917777629351,15.636214164487505,81.03032991233326,0.9403161532392643,0
10.161154554304364,75.1798163586933,13.503813668054743,0.2936764133584362,0
38.08990956888486,56.826861626876834,46.86516369963852,0.415703578284929,0
19.327025341151394,27.46658697879054,93.8578239586033,0.7869568104790414,0
25.56377311003756,47.44349141471741,18.583205556534253,0.5460245933207503,0
24.616274000059096,,97.79934237382346,0.5470281464244477,1
28.863951461656562,57.931340278846086,99.4287985761059,0.053340163005183516,1
43.27885728122761,88.90006108146659,55.561715468240294,0.3985996627184558,1
49.03696717917147,56.9304984412202,17.014274017715792,0.2707337324217325,1
20.379210428690847,63.17224183265841,31.610488794089562,0.9993351228311154,0
41.37594610531515,51.874784711470944,42.44928326765351,0.30835507063231027,1
38.22638973273588,5.116550644547591,30.932422435822293,0.8844965347938635,1
28.676447572778663,23.285855687609423,28.063557987651578,0.6762337350404775,0
47.80235718059666,49.20017294320827,97.22297092163575,0.34091640919209043,1
10.02372577642014,31.023528374470477,15.336482741574564,0.5435343783741237,0
5.46321051548107,18.176359776119423,73.33279087168623,0.8405358799491938,0
42.69809834777111,50.41328419184383,0.041028943917487126,0.8833682980309119,0
21.957490831687416,32.28097934478503,59.61826694023769,0.16039387500614521,1
42.34844271035303,25.810764317341473,91.59430039540524,0.3395731412081696,1
44.654510259770746,46.39854174403808,28.793409409321903,0.33522318021357167,1
3.122879680953572,13.328425808217315,18.55259752577192,0.04204479607594469,0
44.17323814930303,92.77457330754073,65.1679794878427,0.5982377598518965,0
22.415952768471108,86.7702097919239,71.26014072983932,0.854820052992188,0
25.52162445021161,70.76205857405353,68.80305189519814,0.3815743878255178,0
31.329625554660513,10.621382758845622,31.931688002137403,0.740035944984177,0
46.31913033650434,77.5877254469693,25.22024021593309,0.6277004136007399,0
0.9558047214882015,80.7957328109019,95.59187999620443,0.3756487354930008,0
23.842173415890855,76.77646177143377,92.32995082699294,0.14105979949229708,1
34.38610212152803,11.396588711924116,45.731660989282034,0.7093238527759673,0
36.135347884911425,64.39079570677647,84.61938661543734,0.8545651689412405,0
34.6266215768554,83.43247957493986,45.2323477634296,0.6858544924014919,0
6.721756470406093,57.73534012196677,42.43890180725104,0.017878484034818065,0
14.96977941858406,64.6407375228089,15.676294759929466,0.21623289439099125,0
17.935776270850674,,42.64060564919728,0.06947998488353191,0
40.22186038397525,,53.7416938599807,0.5703860995762268,0
13.937993620727651,3.4376858351725215,2.2504327428686466,0.7564776788404124,0
10.535248193360157,63.89630219732846,44.41130051754064,0.11057918706865943,0
47.87240095190481,8.14472128911592,78.13562183952003,0.8383378205933852,1
0.443164255673445,43.50145943402234,68.00460563742699,0.5555089783954832,0
49.89104278409891,29.265509766740784,63.5156988863935,0.6899690121417249,1
33.84106494286978,54.54279502117131,90.95554284372025,0.9714018486086462,0
41.423464972455854,13.341633552320708,1.803200982523001,0.08368098824769732,1
14.730969817309658,69.16434019733182,55.70475861922341,0.9012240229777893,0
0.7157638833529989,79.50115369284704,78.73488484097071,0.1261026959874093,0
36.893475928076505,16.33544497431565,54.13353827012672,0.39295880663668226,1
41.70722985003379,,32.389555258037916,0.8514386963311144,1
37.02380659767596,14.551548278735915,13.625056509197787,0.9062542367378682,0
7.142514365041929,87.71275618985017,88.75630718161914,0.5063716735451453,0
37.671396112848456,52.81892617563562,47.076239238760294,0.5941046382754251,0
38.44613910538205,46.72609960075026,87.81151969857014,0.7081473345985572,1
32.92702578350274,10.671181910235427,58.58521224331683,0.8327586684527142,1
38.30579663977931,64.95560067569618,67.41921166150007,0.12151116953766616,1
42.296071983886605,86.799959189509,80.426115437845,0.8100693082292276,1
30.680205711872922,82.8185869323453,65.91555446001344,0.48127615051161676,0
4.430235698483953,62.60547089808013,39.80548406789377,0.450623425108169,0
24.381390483360544,7.527871665167362,51.363338392865096,0.42389975199699825,1
3.8824667335802534,11.239702717601297,80.30455246758798,0.5092115852460426,0
20.37715155162154,4.930898710982468,37.36502963729842,0.9450505533946035,0
20.35532445628138,25.74792164924693,38.81214567684971,0.5482037727921516,0
3.300492207012079,13.566146716037775,9.569011605800116,0.9531775382631392,0
17.441026698473966,,91.45844352217478,0.1802901306156406,1
5.549904939565742,38.50580557189617,9.103631494544173,0.7241359788326331,0
40.41176050046111,94.29827840711357,64.82091774485559,0.8122395386087472,0
47.38440129822354,61.03760597816921,41.31944788027977,0.6791288313348619,0
3.6158237628969303,83.49737856829623,40.561939025544234,0.6069222802265404,0
47.75576036458507,71.03515007123322,67.95518365726839,0.5648127810861823,1
26.12882996683726,11.250313052663174,6.709373262987873,0.860930482578696,0
14.978283897693695,,59.37057829514346,0.8216465971645001,0
3.8431037638081755,27.509888155912442,77.20317859723548,0.12228872118059952,0
25.03121340352089,63.91078469947063,82.82127578865942,0.8485876570308781,0
39.72577722453743,34.09619736429885,17.05303893937753,0.4140686194404425,1
35.354323863334905,99.76722632646592,89.74190500781737,0.2536968299958108,0
2.511300573198688,26.355147949677782,65.61460918474422,0.8697685680139259,0
3.645091768395176,27.913047077426967,88.18548008206828,0.43202479963374163,0
20.143664131631855,93.06722555623983,48.52807171101983,0.8083646901768167,0
14.764524702397164,2.464440463632267,54.2033345097202,0.2634036119558445,1
11.619216152802391,,91.90382770286712,0.003929321422217802,1
14.05022494543568,72.53263907358782,89.99095433546718,0.4954591929029444,0
40.17413716484423,83.63785774103994,44.8160873369002,0.10022825664288426,1
46.461402681592695,97.44393106384753,27.441263163568173,0.7543759555249097,0
20.255134726378323,97.56019191566524,39.31704345642642,0.27607513606941037,0
45.30555010662486,6.527675756646389,38.77643285297497,0.4436456466034787,1
16.0747850623941,82.18393227529025,28.686687498279394,0.08703356509155424,0
23.82184931718958,64.63099336573814,26.857960433296657,0.28665924844725266,0
11.301449890799987,64.73421343730912,86.10629364797194,0.781490243258572,0
32.0238021087922,12.83499266146948,6.986192068466169,0.15158791190231946,1
48.94905575874044,65.01871664456533,67.76111820995942,0.6471595611269574,1
30.17465480216893,98.24825806012478,17.28200514564523,0.9174258528045012,0
17.890704205677444,91.1818569539447,34.45058933940632,0.6798367597577203,0
32.39087229952642,43.91306608048505,6.154303413483686,0.8110216892922268,0
6.146033923269378,,26.997363685546205,0.1089716293039158,0
44.432954013269935,36.229349000020484,76.84210711172422,0.25073182600205446,1
25.154197538991816,82.63903116005552,88.50153245472586,0.894538852240591,0
22.467487101982105,70.1499101465166,22.152715190236705,0.7151056136180892,0
29.29323942267596,45.93436555939564,46.354783925892185,0.6395538263773112,0
31.239193139470125,5.510153515883109,47.03240479372064,0.6637667361217,1
3.5887903113256514,42.68947278233026,87.35753057597341,0.4142005543046434,0
34.13086106117012,46.90249397178835,76.27990528758055,0.04455663161765322,1
12.096584015776479,92.85555328941359,51.30772183680499,0.784441542070729,0
35.69763162532949,64.10861035821594,67.07472004717734,0.6787132362153538,0
41.12673971920984,31.16529166546489,84.73550539093668,0.4728044641127247,1
40.197925377626014,52.53182644507214,0.9538954025544943,0.8997596153682574,0
27.625048370394456,,40.28900310500486,0.33615966498509886,1
26.008494615537558,97.25682356497369,90.72431672770787,0.2943217442312359,0
7.143798066970586,36.0059901930726,74.03130308439513,0.8727963250794428,0
38.76730752015678,47.78673549131358,54.284137433407466,0.7969876547589855,0
13.570469022335718,35.52839742369226,52.964452703513345,0.5149798106483447,0
24.834771140897328,68.25117301162001,34.777009760443775,0.13073473945784997,0
14.213704646375835,66.2232158329593,52.052053364151455,0.21507147146505246,0
6.691418149984657,71.53223105291356,65.53831994634533,0.6562279904088066,0
31.47788484458683,26.814322961192083,41.83630384287931,0.38504123784041167,1
2.7166017411451913,31.566848116406597,71.4153146392174,0.8364731916659712,0
37.43226170631,12.525123109620795,86.12322272603859,0.9499550093322041,1
15.879339763055834,65.55099718461126,15.468484818486116,0.8056369252749183,0
0.006734650224266003,,45.154702281742445,0.37754542299555716,0
25.55645696186149,59.768233552345905,40.80200912850811,0.7886864292314241,0
2.3425954263801563,86.96958848516338,68.74648040497281,0.35144167347068345,0
13.808477891044973,89.08321482896335,24.986746525792935,0.1671000877656339,0
35.348824372785806,44.90377603699617,64.02509149522763,0.033393204865857395,1
3.134481081093293,45.930368821307376,87.74892417314881,0.38571671276102004,0
41.96692461780012,7.696918300801736,41.81315997936227,0.9035593036972819,0
0.1909961329291554,67.07650254430358,91.101569997922,0.2389865877556765,0
12.341193460095113,82.12594203728455,99.31637389334784,0.206513164929784,0
37.04520280760357,24.465505460471306,10.609204994795206,0.9698207852410403,0
15.813507486465339,42.13008816333647,23.305318798485864,0.02500411285059212,0
5.094619403300676,83.88393367652704,95.03797514820931,0.7857821503937543,0
18.011695940021394,87.7120467662288,95.83276864813868,0.32136995574087035,0
13.519664319226276,24.317998026422593,9.77072753867585,0.037487956869659333,0
42.13559510802774,55.057063454136426,1.499850037713668,0.9178025402095836,0
15.667395879257157,19.249315063582706,16.110002325642224,0.1396423302095836,1
39.446623588800364,10.187876413955655,99.60127833822483,0.5517792837256954,1
44.593607240536734,91.11205013919576,17.999961661068685,0.2740542074295478,0
21.690870978826478,82.05075042321091,50.254760672202316,0.06519280218469103,0
45.4971571927196,76.00349018031739,84.8417726430511,0.04992248566337909,1
18.865902698159644,4.876631881314042,2.040161068820634,0.11555669883633879,1
48.20392082450541,84.37287927102575,60.44889822584595,0.07136701388938005,1
4.464476226278647,43.804407590538375,27.702544886962432,0.7605581155199229,0
34.350963325162134,34.23951232958596,86.23349164397315,0.48556620228342917,1
24.690702022846434,54.647636102537646,28.346114926407918,0.3428920913489797,1
19.382440272782354,9.135324272355582,68.67557202819089,0.41836891013200717,0
31.635593937430045,75.66465493523988,67.42196324473969,0.9289467355726233,0
35.19285458171656,58.24350768882959,22.149354885964,0.9107518127381472,0
0.21816348251545437,18.659009687316754,3.4799199868350117,0.7156764801225769,0
8.347654437359935,18.82321997690456,40.92495737853973,0.8846823774216878,0
35.65230253171593,18.424865157267423,28.91931519658697,0.3196480275876248,1
33.31927067891032,5.700238755193398,80.89777496137086,0.38110932600828284,1
48.30237525643386,58.77984493716848,80.03641884553453,0.613712181854228,1
38.05188951253915,84.0348177588508,45.70239521926255,0.6236259472972642,0
47.5386353865669,1.74982139873886,60.65122253232189,0.48169983801234095,1
35.127025076740345,4.900464497127355,60.42595159869252,0.40065784843795327,1
14.902610431972157,57.27702766869458,82.71581484276234,0.9861803116086951,0
5.2682461125428235,81.94956853860523,42.50024141231975,0.8211236261177244,0
39.09119316724678,32.67388905686336,27.544667979050907,0.4349801978880452,1
32.2074610737958,34.96143988077222,26.503491814054748,0.7272924772395685,0
2.4093006196648115,59.63464974967759,53.61922792822041,0.2695616932524595,0
18.002523295048917,27.4212889124147,44.91482027322126,0.10016932623732988,1
47.83999077421431,2.660836607768413,44.01207709849362,0.35243102555274064,1
25.02005728551006,73.52285181015961,9.113733908970723,0.4029728001233942,0
21.636456800985233,62.56499129414531,71.86037406901956,0.0165371245606708,1
22.8849802579647,58.07559990556591,21.37366879819107,0.814792001635896,0
10.444136200258185,74.16841289918231,19.695363020872136,0.3591934023891815,0
18.43535854323976,67.52308375620375,41.27583202773935,0.580418165780147,0
18.49066279935883,20.588198817832115,22.77783416178014,0.07396318727095597,0
2.6177510093736203,35.24810469433511,58.38582673080154,0.17499682875058398,0
38.37838142589591,12.6110141678625,37.14633393344715,0.88969372532756,0
20.82522159519395,12.985701341788102,44.89117225927901,0.6086875278828008,0
41.10899434082116,67.61957463565392,53.716932160402884,0.9502840501704856,0
42.51740005599477,85.86001069824982,20.353552248180485,0.9987500343913169,0
10.599702734932903,96.27325838611391,15.57516228655298,0.3718601153330944,0
32.86767410850643,62.834711754944436,88.04219028736048,0.2988030640832746,1
23.614090208149086,18.410132336095696,43.372370283142104,0.8583560551590967,0
44.00783689607425,,41.209360963253914,0.9986114270374542,0
10.787033958822706,81.28509715367578,3.561215027284148,0.6296412342324573,0
33.89066001550221,57.875647635999925,49.797630258739325,0.7951407225115223,0
30.387606112636128,61.82850210137198,55.416972161100006,0.7817458588152745,0
14.76507387859164,78.14620887547092,55.88408709546665,0.35533970821954697,0
6.830045182558631,70.32772277324516,70.70311693228844,0.5742703802570872,0
32.58198802386383,83.44582528560966,17.748183499101177,0.8330569412642136,0
36.92987290661654,5.621390545987848,25.22231342306188,0.6881138762610555,1
15.7813671881675,74.75206367465049,81.07304652304127,0.02116381398203826,0
32.24163020111569,85.08527573220954,94.7170616843394,0.3367056688975335,0
19.75654538057516,28.613504245831432,13.593274736732063,0.14447569659460535,0
35.66034416413088,64.04472739932528,49.76495545052182,0.2329722120780391,1
9.960763744702655,31.416206383697208,21.417625273958684,0.9054894774913257,0
44.51075013180872,95.7971066482454,6.007316835498244,0.03689328891076815,0
14.370479823278986,3.3423572435503757,32.550333812613545,0.21980071196192374,1
18.389299387807647,57.97928438329551,14.368762518421274,0.30956935223823145,0
2.9045976040174892,16.65035470495151,70.99330734342463,0.6168840719663948,0
5.57561061606382,71.22202051771586,53.37254136714444,0.5341016900858655,0
25.793095135616404,17.589028341866207,14.383447099031088,0.2182694828533861,1
13.379633836398575,23.538326189835757,0.9241588405514367,0.16424106722315446,0
41.77401128710972,,80.81570490242127,0.2367980345961188,1
0.7346694327476921,91.4834949996878,17.619440616424754,0.5025296267016556,0
18.95470243359681,21.171437214797084,60.621664222076596,0.27117778571120343,1
16.867277338454635,14.424002111810353,33.692191307674555,0.9476025016077222,0
0.9663815458800518,75.89768318540307,58.54859383150356,0.46386522142884756,0
6.2184199500255115,50.0619532333931,31.565362698232402,0.058796016544637064,0
20.682133745931765,91.17851123817714,8.693956069225417,0.7292664058366334,0
24.64322922237233,14.661455715984228,22.29500085577536,0.3288452882089896,1
20.214487362743455,64.59278930230393,18.80585664790756,0.6534889320582475,0
26.546883920604692,23.287914615181503,42.80193524396439,0.279594370523232,1
29.756583745284075,15.67604286516393,65.82837834261574,0.5707437417333199,1
0.4961910563917815,68.34294151572705,26.380607494635754,0.7721525048074647,0
23.204757972675193,59.36846199087332,1.206993530061795,0.928008741774554,0
48.17496204437941,75.48274583623312,51.89373642647569,0.26112714443307705,1
25.951614006477435,30.946257644618235,60.57594893589721,0.33485695099898116,1
33.87711337294766,44.79716563821899,96.28704940018096,0.4642664202859397,1
15.59319289584416,40.547167633041845,58.94708030932468,0.9271748377359889,0
38.699568907638124,98.40894639665142,47.117255937814186,0.9013868568106571,0
38.64607409380575,29.22489567393879,57.34016258977038,0.08987828010063803,1
26.064802382706947,29.481723834676686,92.7900629862027,0.13192982575381085,1
48.80069116396068,35.45482088286074,82.83781456016463,0.49550917733063826,1
6.277510738132669,56.45940812903215,32.2978733363808,0.10661927280542349,0
0.8473832444790497,,23.725436365713726,0.34558087334869747,0
38.5079105878548,91.52899403792739,26.263361236607363,0.14838537821747766,1
40.35777686824413,26.56855648662635,50.4421039715213,0.6360403551318858,1
6.0103614560288126,89.58157315601947,74.40494512285778,0.9494954317391617,0
13.279141647930304,10.347506364658464,50.32192071829621,0.9967337702943815,0
0.8776181683314455,65.65627023996524,6.779639582811258,0.3752411324969148,0
14.665430539028234,90.69855184382438,72.3580700439981,0.5990126371146123,0
38.657093695933575,16.874943839822954,80.59701286709539,0.8562676535240813,1
25.898026385628945,96.8326960099255,28.949786511971965,0.11746207279638399,0
17.404779658414405,45.28833604155117,66.41257392833504,0.689564411051965,0
18.586964745316514,94.57151084410245,42.659190105439336,0.40884366172506825,0
0.0676812857734077,67.6820043630047,88.91193557274428,0.20614616028016408,0
14.990026378261796,30.158686987355154,84.52255581607399,0.402753618747442,0
32.32293708189653,18.83025249171064,52.54319983096423,0.07596028696491686,1
48.70972219081786,30.37350462250994,69.15055458135944,0.6954071485893057,1
42.353041349194974,9.301740926267499,88.33497010221039,0.2527426687484531,1
1.1797482322764563,14.386796634332978,49.57170100782755,0.311405645044878,0
44.928030233741964,10.466044034648114,31.325074048882197,0.12108129824146274,1
39.1599206649313,42.29435437415577,75.36661379095813,0.8646591138898917,1
39.01880617854902,79.55783762575864,22.00662547846918,0.4934442792827386,0
22.899787950178574,14.138355421634019,38.8531148006042,0.5721468777864003,0
19.90026464772514,13.032043317233589,86.57272371067937,0.5694326830948546,0
15.14578644165963,64.34289495173307,72.4422340269315,0.41049311454134174,0
3.284742947718289,19.71829819680663,40.381100524749925,0.19252991543813947,0
11.411768174684955,9.76100381089916,21.47445024083574,0.7451327484983999,0
12.33018174890123,16.684857820557763,35.59683908322365,0.12705626535767434,0
24.20385348551008,92.37313958767761,28.4104149227433,0.1038737902788105,0
37.3722203298347,,17.608928794385392,0.7101450375965034,0
23.69049141989733,35.40645623550941,74.33329135656567,0.20883702045198382,1
2.8922224723580303,,25.20698868501715,0.30677275135283233,0
47.88949004941019,53.72756736680381,45.416747016776384,0.47522746700174023,1
47.13621595470561,67.7124263482564,38.585944683610904,0.4493513167295462,0
39.25947715742042,68.26711524627594,98.20773786356308,0.7085791250649992,1
49.56639507821103,62.8734015059993,39.10922441482205,0.623431793443361,1
27.224116640013147,26.610136853730857,7.9982482796754795,0.6443961622818657,0
48.138417512660304,3.900642076281813,8.982575257208403,0.7140543306554573,1
3.7802520308375387,45.55667819901088,59.07537213530648,0.29261272742346534,0
18.284037413068567,89.09738846907038,59.93635517382656,0.32233331180047364,0
11.269063400338291,56.94972585185759,41.875899048265495,0.4379977478955541,0
9.7916542067135,83.23910417019079,43.184369231202965,0.3074621730335261,0
7.040147444633805,,5.393258284087121,0.9849378689708634,0
31.120682078299833,16.361620413827627,51.654651038926225,0.8140519264214297,0
39.06609278736525,69.17776391419824,50.47394753803517,0.16465468825602958,1
28.914919971018033,67.42935737000246,14.954931855694454,0.005594155881869511,0
7.348135479410484,97.99554473582785,10.383938611092757,0.04278326824726786,0
40.55618849667354,98.56007339528003,12.35724905994905,0.24406345104292526,0
31.797735358186426,68.66786117241294,10.102824649125852,0.11429128583685655,1
19.408285306349775,24.361479198219428,60.97081955367598,0.5333381148925721,0
33.70651477680315,79.85558381305991,19.648265240291863,0.8579952227273586,0
12.995248962141643,,25.143015218746346,0.7367502209132274,0
17.259610424710527,78.06993041716287,17.35721441514397,0.2156090630821904,0
45.87429215659951,91.01961241446965,95.7835304448503,0.39929925602578586,1
14.52522528357102,38.28333947684352,85.46174631518355,0.5078942095312776,0
23.49941340789683,63.06352949830804,23.049483735152087,0.8102058495033355,0
44.507056869800735,43.01427320968263,32.7566293922126,0.8391216031061648,0
35.386067513376375,43.776505498812845,20.989284230499717,0.909718311907776,0
3.1101613082351376,31.037088910812006,49.187595946082375,0.5092452505028752,0
7.365152213948517,76.21296204503246,1.9610532474253595,0.694274746435863,0
0.3920795385958409,93.61765641665052,67.13680088967958,0.11180037123393716,0
31.54608951145817,94.07508592344611,52.31581498176416,0.5652889599539821,0
22.383671270520917,17.478128487493382,89.86389283011033,0.24869180947113512,1
6.713742545113776,87.4743649656566,16.439268432841413,0.4317168850266111,0
47.896706052838525,73.74314414271221,80.41092460611317,0.6340505083067194,1
26.482986197280994,25.283740069028926,79.19610144667158,0.2569859378537811,1
12.094664705644458,6.728461292151455,12.718118921688692,0.05218505779676108,1
25.03017855773538,26.799726688437797,39.85592241441276,0.010233856408757513,1
33.98101663675539,,17.01526411445169,0.022159535544521547,1
3.811960898678224,63.31786748957723,25.47205004575489,0.008349737513769662,0
13.7351907523946,72.10546608978719,26.324617483054435,0.11035505655787547,0
40.34827454419968,25.715235110909585,55.623639402577275,0.23948871457012988,1
22.983243520133062,71.93881555748203,41.14109317604655,0.22122151418229918,0
27.328857101614744,2.812150627792376,94.77328040063054,0.9867965941798967,0
21.640800110473464,37.53213457730138,12.637014194700512,0.3060061052089432,0
2.194997132150256,62.67533485423312,97.36921348501988,0.1274207833593991,0
8.287488991007796,14.609656554132023,23.063864021426394,0.545562544167758,0
22.277081937094543,82.30035744469347,77.2873936381853,0.8579574553975083,0
10.459273270396391,23.503129881191864,33.89699261728214,0.6780603767876752,0
2.4989514329839366,65.22811128184462,14.308139541731391,0.2960820891354503,0
42.182483202591186,40.51971425753297,85.788918524624,0.561616159791455,1
49.05962645820579,59.604359547764716,30.88608992364632,0.7148559742004091,0
39.65714369983697,10.745055262890812,65.88554042268422,0.7281044923677423,1
42.68924608523335,1.6912799921607324,56.64436850866266,0.6665384552976888,1
12.098856515852269,90.95644273803012,47.17563093908743,0.870810424775618,0
48.031348775659986,26.96300087671828,49.58194726485391,0.8701054583441044,0
9.846285222671419,81.96770027804591,73.22379140922875,0.5789365594070033,0
47.571490518091615,99.93503004722002,8.777291412344058,0.4298563691112123,0
49.74096469829755,21.143125799891116,66.81806619579052,0.6415702955650998,1
35.586140287302435,26.51707411833556,89.58121013985787,0.8182120013704631,0
49.0571865895911,66.28597876346657,5.778819701986415,0.005652104841184724,1
28.476988978355184,96.54486346006212,14.065333923366675,0.9919970090148511,0
12.977089158804517,91.58143481907439,71.66319367020314,0.18289377232919923,0
21.849794283281042,50.28755200655849,43.72816482446176,0.4702489856599762,0
29.678046768939296,79.51102825267246,40.354862081368836,0.8720297348428667,0
3.6540781013507493,13.574585309990105,13.696663454423586,0.22504039904419937,0
31.117163230862303,97.74381842040123,50.67700407177881,0.4767952239003832,0
49.058891838114725,96.43532340359864,12.654531119637724,0.13258218018117918,0
9.505382489186381,16.372895787917095,47.66204563105404,0.3950763253881926,0
39.62975581441916,29.94231248031066,76.36152989616566,0.17713545479300252,1
45.39493968898097,10.015499750676693,25.826435788716353,0.363627748771157,1
47.18507964101104,,48.07861681797273,0.373464216792722,1
48.00678022027236,81.59557894152066,99.20159693968357,0.9931707895983327,1
26.072981936073596,37.83156071652595,68.66504233540373,0.9948130293037722,0
48.865395399575185,8.839696714675839,84.13567713051987,0.11478627866061242,1
37.86551035672194,34.22255247789045,41.484760656054576,0.7259687793283472,1
8.083571811848095,98.138333424128,76.78609231258552,0.051745479669101146,0
23.8450053233985,62.96835952592029,4.050917294132184,0.030192015337188627,0
35.9165587686002,41.61609464061578,12.291118254224498,0.10533389424496431,1
12.367015790954166,16.653851349727,20.307059292006212,0.965485657007934,0
32.03075917744437,98.61767972836948,40.195192461521955,0.9408635478946974,0
33.33002395233096,82.08490092631287,84.57448783257632,0.19392782028068045,1
8.134987190428294,28.14773024509194,34.62660507879305,0.16167233555371152,0
28.254265622637813,7.006869572118946,65.46211935154629,0.24053508651594702,1
38.581345548930386,5.662555737755803,70.93142948034834,0.5155469940751422,1
24.944783226797096,12.037814950553383,58.61823540883414,0.5697046320354099,1
0.6051558388053713,58.07685836144216,35.72419681701362,0.22159343043944735,0
0.45192345396460887,92.87634212054924,57.70533417135443,0.7566227880899452,0
17.851467198500607,49.674342800598446,34.22655927897462,0.30955316940265076,0
46.3097034215891,84.29454824561972,8.387373855201208,0.9221313255294104,0
11.433838980180438,44.588661985980785,99.28039781860144,0.6567227064567306,0
31.718184443584356,70.85835457678252,12.718245363251091,0.4363511943036117,0
11.103793534666028,73.18727372865008,7.2348383836057355,0.7899120017028454,0
16.08349948297743,17.396370590333866,87.85307492071558,0.8179146260466648,0
42.4021044800742,36.121605897581176,30.183466089289514,0.29048160560894365,1
36.443072113497344,63.73021565380239,65.02969740735077,0.33971454383608435,1
4.769963865660531,7.069660818436619,32.90057296622329,0.9359551537286034,0
21.43510104932168,36.15401877629566,39.14542707944712,0.16474103836327192,0
1.4584881822632234,53.479946628119244,26.21129720167965,0.0421504169629342,0
24.04450733015045,99.62244930446387,34.30440057930102,0.4540553226095492,0
33.121700585053404,47.45335626224407,41.070040058654314,0.8012099002436289,0
5.925131179907578,81.60567571143235,72.04160690923429,0.7716681063107458,0
14.444246945458284,43.206728506661776,51.15361942347918,0.9195306289128325,0
19.891831275107847,79.6390722619709,94.3565217156977,0.5332006643690402,0
45.976551232802485,59.54148016201084,4.188039383877551,0.10006467156653331,1
49.662750771148204,88.65954415023984,50.306832263202814,0.5886889743360161,0
2.2455649497807926,,58.42247888317181,0.7783956143532116,0
38.0503961747696,60.43044198214788,92.01969860742739,0.0933281202698264,1
18.58620332011716,63.00186806188274,4.915852362142759,0.17265740109758976,0
19.622909311474,41.73829418004733,57.349958493521605,0.012290661155670901,1
37.71324866735114,14.431204368748151,85.3629928527957,0.5936525794468104,1
45.921321607270436,9.355940691233556,24.192772811923657,0.8867343919459044,0
47.54642972512742,,87.62923485239375,0.6706633160020995,1
28.856129301916038,87.35342642452146,1.9043409274291823,0.982040087590982,0
17.85605796502514,23.647491223869455,73.24546291337298,0.06303365249976156,1
39.377454292938964,21.150674928176805,93.3113221168653,0.9030010851514962,1
12.550069163115014,73.60354004260655,65.71976616400622,0.8140682873866807,0
28.20370144167589,32.00161130873917,43.902924398044796,0.31424152049950493,1
17.92892307624366,50.60446924118366,4.488101647271803,0.9735265518372518,0
32.83155368539381,16.25110652974563,92.01138133226287,0.28793774817141504,1
12.019945644675346,95.97457214619692,47.02962226915748,0.8893047238282185,0
9.579647286741288,85.15814000172374,2.899674433594801,0.8807485770741894,0
45.91195433377185,86.37896229650033,68.9821071328762,0.7576576166029725,0
5.090184147476845,40.67737485720052,48.18372535762582,0.5634704738128519,0
25.297895386746582,76.23612137071729,12.434531744241074,0.12000274961688806,0
11.042639148150446,14.387615538978016,21.42718093102596,0.5319717344964983,0
1.9464981662833725,0.8619002591780278,6.449068045584627,0.35679625565493456,0
1.8009409145713196,1.9972932578028124,57.429353970857356,0.7922170331553517,0
8.761088605291366,58.660173740456045,62.202947925200924,0.7581292064968449,0
43.338517725300015,45.53949052479408,50.574229835544436,0.9106125073726052,0
14.123937198851333,51.801534890851975,81.71021330026149,0.014830162431707872,1
47.52295852876479,0.7463140417219405,86.10088213080135,0.8091032168230461,1
29.08111464945968,42.268661965742574,61.56243966831266,0.9384620531246688,0
21.830709488438305,71.80681612008608,1.2756479707430546,0.7893004491081501,0
29.00444173347273,44.26937019674359,69.52296557477356,0.1301944598703667,1
25.834919261313388,73.22192063122223,41.799921692035156,0.08127910484088774,0
37.93881268786626,23.30189643968348,56.5557483226387,0.02084523980770081,1
14.124803298642613,,64.90806020188845,0.628745225828071,0
17.65251958001512,58.84312404534523,35.02366143270768,0.6296726518598873,0
44.704715126662535,21.076309942990623,91.70985051717942,0.9869137142182123,1
47.322825657520276,23.672047585383293,13.39748667497812,0.39804317410409573,1
44.62791137432372,62.8030464569537,67.15118072810374,0.33190628489749674,1
20.97239969786568,82.99395932124433,0.43595799565804283,0.6244249271843925,0
39.01827515034408,41.56277820291552,92.46511054051808,0.825608672507594,0
23.81678666505494,25.83004291275922,11.25041332380915,0.9367739495230019,0
24.87699260730511,86.70116069106004,9.488423014757464,0.8031241661790386,0
10.234005452864197,66.9268291750835,33.30076330522442,0.42667398061580475,0
29.556515162925823,44.80854872830765,37.35662860390806,0.6349142353120641,0
9.306794887667397,48.790019527930184,21.430007232287863,0.856299326716117,0
16.57823495335969,,58.51216609271247,0.49060968831173946,0
42.75151008099676,62.680263006484395,44.291409804196356,0.2166866437053927,1
10.353790460542761,35.87425105428886,3.4175589041087417,0.16972343974787296,0
3.557914258671641,99.56451766743493,31.965206225530064,0.0001577445780567288,0
3.450379630640815,48.01835152618879,81.04329135731705,0.7182379949812843,0
47.03922602515539,48.58856061896132,68.97015348618686,0.1110972088459905,1
25.34602189809173,56.58517874106719,72.48708535798805,0.24383909969594042,1
20.470603590850917,91.67560031187467,69.81169240835236,0.29787633152279336,0
40.543929050395924,,31.097302138303327,0.5603798601367683,0
41.7912963955258,45.113006979784146,9.966392207677588,0.39795727729576924,0
16.60955165578023,71.8699265972796,27.2467184033096,0.6746739920231618,0
34.68090287368976,58.62354987807616,83.17853001851593,0.05563865932870271,1
38.55614079259433,49.23670487012489,98.04707977830711,0.12393919426443945,1
32.73253434329773,19.231577278435054,49.38470147415613,0.4992115035332667,1
7.579753740004969,46.39362634548909,0.970035492304222,0.3369647878468298,0
43.79415417585285,24.581858702257463,14.004481213422903,0.2958133627513597,1
26.954727636800435,91.48421498516547,32.20805753162658,0.06702807903752273,0
14.123621318500184,33.540681349634696,57.85853485929498,0.8957191747480014,0
21.261409271884695,95.22640145333723,7.509364580531397,0.6918185861250508,0
1.878554519945369,53.30552900947112,94.33572987098816,0.12161815681964938,0
6.3933400611208775,63.15443786761603,36.50836732844007,0.06504595773714061,0
38.277337525793044,54.29404444893278,91.25842179248231,0.974872533431243,0
0.0005817377683070557,12.93806169667009,78.05218027570217,0.6811725504395049,0
20.82829142411461,37.5821219007941,75.54372725155811,0.4174560710937415,0
26.125509054279423,9.914611227762393,60.671957978223205,0.7017310407557849,1
2.7317210000486147,62.29540441833817,62.678381705184464,0.7563317864801591,0
48.653908148616644,44.68741952004389,63.80032352162481,0.7799622023887793,1
11.306266562483597,77.79849715709368,62.87213870255821,0.47787730565305764,0
15.209935981814043,22.047048099936983,55.37282313983612,0.429882758124848,0
15.197125612751366,16.45660584293349,98.6414018482889,0.01102808426890034,1
11.520833105867496,,73.22905674256961,0.926557115141838,0
0.0736911043155708,92.65853832183811,77.69463883925212,0.6033078783889431,0
36.467239704399816,,87.24628150836742,0.2031539371899681,0
48.34227498996427,41.89236247929187,21.563976272584917,0.9196034194214366,0
11.214674164252253,51.727216975431055,8.380415909506079,0.9149319017702964,0
33.15235959017112,8.421301117709834,48.28944365985986,0.9891841643660959,0
37.094816347935755,98.4575896376113,51.40806956192732,0.8740565631389788,0
42.421268954526234,66.6407304694919,82.91817799499177,0.9977843878200647,1
21.131459850680457,28.540406846342247,44.37835792823357,0.24468618812327259,0
15.146545282021462,58.58083942152443,57.08530255443127,0.8422495851992341,0
16.264756701151555,10.948236606899398,52.70709385134583,0.8230283087957645,0
35.63106665492564,96.58366688075836,3.8202783757391057,0.23094035922073375,0
40.8389733252818,17.478498788336594,61.5214896596914,0.09843754900099078,1
9.080698387830132,64.80303180552141,82.80432857742522,0.9794205136775996,0
18.54705040788826,24.545446253893044,15.750054807580383,0.29602455152061036,0
45.097009837457506,71.75613826485358,59.433173392659576,0.8708917904678061,0
40.33467598473696,77.68213672402811,59.36105444464144,0.0041271546746038945,1
49.24292013812379,67.34197289114327,16.418496405635874,0.021024807219602204,1
37.712412984104034,61.44994602551925,12.346357373073602,0.4658713086963684,0
19.659760051396113,89.24690939520117,98.00519429764847,0.23871468393506357,0
29.531891699731887,7.862671098975804,39.371916965303754,0.6898412834359643,0
33.050712712366014,33.09147657801952,22.742172872352928,0.5655643255679543,0
3.9227908158561977,24.828747963084595,17.132454445437496,0.07748579745049144,0
27.224847955193255,98.80139620654217,66.7601713583235,0.16262829631571707,0
35.46604142363048,38.93897796668735,60.94452973272788,0.3880492700584143,1
8.366065200053018,73.26126992403988,64.35521229874175,0.18560406395543316,0
39.031585871277855,68.47251638810046,8.800602751145226,0.7922223472439286,0
29.18863902570558,21.208123747737773,89.35345834984369,0.41607023555328004,1
47.61108928487973,23.899768021155133,38.92663968090483,0.09343186684249927,1
2.121114910344585,28.12845635530341,31.336940643035792,0.48434290227212484,0
13.26630687777335,41.112727825937924,46.23614472477392,0.09083818106141417,0
30.077693964991205,23.43250656505268,39.00660657476283,0.12893730541981718,1
14.827995610296535,1.9651482746847804,86.35770031391459,0.2396098320282053,1
35.721208203562114,87.93930568071954,92.92609751978921,0.8595277052474898,0
37.95026412609655,96.5609831380884,30.34532164496062,0.9246125323329719,0
5.125798203323723,34.15703870315679,86.39358074599548,0.8262577293320691,0
25.692723210338386,33.85068794254729,78.15231295330672,0.33407721741784724,0
25.444527779552793,0.7091812774370987,93.08076723447618,0.27244644110883165,1
18.464038510777055,68.02506883303741,24.575031218588784,0.5491556907902392,0
46.646243128483604,82.54398957486288,57.695915012097906,0.7218531605331123,0
41.37531599366106,,27.454458474044465,0.9933727881601748,0
34.86046909548184,15.966634936715074,82.40944904843742,0.13157071187892622,1
35.716331786749876,79.00832499714377,0.5324190571064258,0.049291999023804434,0
23.085807190655956,61.629074835414464,56.48191628863961,0.694355888995271,0
46.049726054828795,4.486055762771701,33.9203431271918,0.8322257835039055,1
34.729771362664266,62.25469904622817,32.268370707782026,0.8463487798664232,0
36.44905308279082,30.891772284376607,64.4906323864917,0.6784635490771607,0
43.08454518936726,36.872515547084596,85.1484449313994,0.9540158041191871,1
13.70357946710955,,60.91953913933262,0.5110047635445869,0
40.35354519333515,81.09351926726106,85.31729786467224,0.9138147983362125,1
9.762030147824602,40.03566268398306,26.459711188102997,0.967812136991523,0
17.26709761224439,94.71529360063548,51.95018547649811,0.8471574570031077,0
16.780522713492136,40.64627179520722,45.0536539067076,0.3097585632586206,0
48.926273419457026,77.18360352301099,1.1644899503096218,0.19621565117029527,1
42.82686118739634,48.38772645642591,55.68121431407401,0.5481200649818184,1
35.058493079512985,89.7532326522084,66.1524324146175,0.45301475038018846,0
36.35283808076951,90.77612436501786,59.191440441907005,0.877758342192733,0
28.103639720128555,8.741680787108386,73.62798987834215,0.10003167106715372,1
47.35453335542596,93.64933313102257,57.13395284530771,0.2577400613115186,1
24.812937644118076,,6.675025485075691,0.7517989445187085,0
19.025885493494727,79.13107143126669,11.644552408471142,0.09498664497731213,0
8.15176684657955,20.091133968552242,59.64745775439524,0.3207644140217002,0
39.3102826130529,80.51192087546649,27.49791919736402,0.38715539405398314,0
36.72219660377957,85.01327346850368,7.964512903476583,0.62259379656269,0
19.217751926206745,28.915033445415094,42.960274344854675,0.15813264571936458,0
1.259670697961468,95.22600783623237,55.43225980836554,0.8606044903497095,0
41.949866385900535,4.986014639916425,32.87459883496066,0.44754223546627425,1
0.5708991727036816,14.990925324713967,72.04337022257779,0.9170217118805565,0
35.18498898145255,53.75811380515143,64.37706081012446,0.4678699136339316,0
48.512855486302854,57.579247112230966,33.281836109167195,0.27504025894073336,1
21.883066407410173,64.51500833009034,75.48725289085606,0.14182882868767488,1
11.748670249797637,1.6969129315466458,64.86950425330355,0.003745094711284813,1
35.243550502169086,96.03667746221302,63.74453787179021,0.5321574849848356,0
40.85640710077926,4.458809273414399,55.342770078706806,0.10715669692692342,1
27.321515803892364,14.306195272340238,1.1389668088552796,0.3917277636311782,1
48.35176376280731,1.401451752605698,69.65071834768891,0.5892717612370867,1
2.5834360828980554,56.685843329409465,37.604179110915645,0.2756858969027003,0
25.239779915226407,93.22668839209723,94.26097101586556,0.17522429236611525,1
35.9226973661275,66.59471660804643,81.79847710772053,0.7747216226093416,0
43.13202355745895,82.26574684804274,58.76944695313122,0.9467911722816206,0
8.962780595389502,1.3281203458580082,25.218198181926944,0.100440417861966,1
40.00017408818407,54.20152984797261,20.371739327766658,0.15559032438500786,0
27.635353785927265,45.95629775055219,34.03848376775491,0.9600126572527187,0
19.82768409949816,49.8967944220793,47.656794358001854,0.03778422181224628,1
6.585751428954678,7.221318533518795,29.606551003894708,0.9776323365504722,0
43.26478794544562,68.44353610693075,51.49294953924828,0.004644483084988771,1
7.863660408985767,50.322041485863444,16.537042551318592,0.8736686556513313,0
15.489392960454962,76.51488498612639,97.77128128254999,0.3073251809877495,0
14.502276598121844,,10.792455496499386,0.9385888581772965,0
43.57070170954272,14.938163622643208,93.1944139654372,0.31694528863558546,1
